Date,Low,Open,Volume,High,Close,Adjusted Close
28-06-2018,21.0,21.25,7415000.0,21.739999771118164,21.399999618530273,21.399999618530273
29-06-2018,21.350000381469727,21.3700008392334,1467500.0,22.114999771118164,21.950000762939453,21.950000762939453
02-07-2018,21.799999237060547,22.06999969482422,1110400.0,22.46500015258789,22.200000762939453,22.200000762939453
03-07-2018,22.309999465942383,22.309999465942383,1013200.0,22.790000915527344,22.649999618530273,22.649999618530273
05-07-2018,21.899999618530273,22.770000457763672,2019900.0,22.940000534057617,22.25,22.25
06-07-2018,21.600000381469727,22.0,717700.0,22.200000762939453,21.850000381469727,21.850000381469727
09-07-2018,21.739999771118164,22.010000228881836,1112800.0,22.344999313354492,22.0,22.0
10-07-2018,21.93000030517578,21.989999771118164,419600.0,22.299999237060547,22.030000686645508,22.030000686645508
11-07-2018,21.829999923706055,22.1200008392334,291600.0,22.170000076293945,21.899999618530273,21.899999618530273
12-07-2018,21.920000076293945,21.920000076293945,99400.0,22.170000076293945,21.969999313354492,21.969999313354492
13-07-2018,21.5,22.049999237060547,625800.0,22.049999237060547,21.799999237060547,21.799999237060547
16-07-2018,21.670000076293945,21.850000381469727,247100.0,22.0,21.770000457763672,21.770000457763672
17-07-2018,21.270000457763672,21.600000381469727,248000.0,21.799999237060547,21.479999542236328,21.479999542236328
18-07-2018,21.5,21.56999969482422,242700.0,21.899999618530273,21.8700008392334,21.8700008392334
19-07-2018,21.5,21.739999771118164,173000.0,21.920000076293945,21.790000915527344,21.790000915527344
20-07-2018,21.520000457763672,21.860000610351562,313300.0,22.5,21.940000534057617,21.940000534057617
23-07-2018,22.0,22.559999465942383,808700.0,22.649999618530273,22.139999389648438,22.139999389648438
24-07-2018,22.0,22.030000686645508,696300.0,22.979000091552734,22.81999969482422,22.81999969482422
25-07-2018,22.639999389648438,22.770000457763672,482200.0,22.96500015258789,22.8700008392334,22.8700008392334
26-07-2018,22.54199981689453,22.799999237060547,170600.0,23.0,22.81999969482422,22.81999969482422
27-07-2018,22.399999618530273,22.790000915527344,281600.0,23.0,22.6299991607666,22.6299991607666
30-07-2018,22.049999237060547,22.6200008392334,834400.0,23.420000076293945,22.600000381469727,22.600000381469727
31-07-2018,22.040000915527344,22.450000762939453,499300.0,22.649999618530273,22.43000030517578,22.43000030517578
01-08-2018,21.549999237060547,22.200000762939453,1068600.0,22.260000228881836,21.989999771118164,21.989999771118164
02-08-2018,21.100000381469727,21.889999389648438,1015900.0,21.889999389648438,21.670000076293945,21.670000076293945
03-08-2018,21.549999237060547,21.670000076293945,307300.0,22.200000762939453,22.030000686645508,22.030000686645508
06-08-2018,21.84000015258789,22.0,315000.0,22.389999389648438,22.149999618530273,22.149999618530273
07-08-2018,21.950000762939453,22.139999389648438,167000.0,22.40999984741211,22.020000457763672,22.020000457763672
08-08-2018,21.954999923706055,21.989999771118164,243300.0,22.469999313354492,22.200000762939453,22.200000762939453
09-08-2018,19.81999969482422,22.0,1361800.0,22.0,19.899999618530273,19.899999618530273
10-08-2018,18.559999465942383,19.610000610351562,751300.0,20.0,18.829999923706055,18.829999923706055
13-08-2018,17.43000030517578,18.729999542236328,848200.0,19.09000015258789,17.649999618530273,17.649999618530273
14-08-2018,16.360000610351562,17.6299991607666,772700.0,17.729999542236328,16.3700008392334,16.3700008392334
15-08-2018,16.290000915527344,16.440000534057617,1207000.0,17.40999984741211,17.18000030517578,17.18000030517578
16-08-2018,17.43000030517578,17.670000076293945,1090800.0,17.979999542236328,17.56999969482422,17.56999969482422
17-08-2018,16.600000381469727,17.559999465942383,441400.0,17.790000915527344,17.450000762939453,17.450000762939453
20-08-2018,17.510000228881836,18.100000381469727,1072200.0,18.149999618530273,17.639999389648438,17.639999389648438
21-08-2018,17.729999542236328,17.809999465942383,623600.0,18.0,17.889999389648438,17.889999389648438
22-08-2018,17.690000534057617,18.0,770300.0,18.049999237060547,17.700000762939453,17.700000762939453
23-08-2018,17.655000686645508,17.850000381469727,510400.0,17.93000030517578,17.84000015258789,17.84000015258789
24-08-2018,17.739999771118164,17.899999618530273,431100.0,17.920000076293945,17.920000076293945,17.920000076293945
27-08-2018,17.920000076293945,17.950000762939453,468300.0,18.1299991607666,18.059999465942383,18.059999465942383
28-08-2018,17.850000381469727,18.1200008392334,276800.0,18.264999389648438,18.260000228881836,18.260000228881836
29-08-2018,18.260000228881836,18.329999923706055,193000.0,18.459999084472656,18.389999389648438,18.389999389648438
30-08-2018,17.829999923706055,18.399999618530273,378600.0,18.440000534057617,18.190000534057617,18.190000534057617
31-08-2018,17.75,18.1200008392334,256000.0,18.21500015258789,17.760000228881836,17.760000228881836
04-09-2018,17.6200008392334,17.760000228881836,349000.0,18.100000381469727,17.790000915527344,17.790000915527344
05-09-2018,17.559999465942383,17.8799991607666,649000.0,18.209999084472656,18.110000610351562,18.110000610351562
06-09-2018,17.809999465942383,18.1299991607666,948500.0,19.06999969482422,18.639999389648438,18.639999389648438
07-09-2018,18.420000076293945,18.610000610351562,233000.0,18.809999465942383,18.5,18.5
10-09-2018,18.1200008392334,18.5,256300.0,18.670000076293945,18.149999618530273,18.149999618530273
11-09-2018,17.8700008392334,18.1299991607666,452800.0,18.739999771118164,18.56999969482422,18.56999969482422
12-09-2018,18.239999771118164,18.549999237060547,286300.0,18.75,18.34000015258789,18.34000015258789
13-09-2018,18.030000686645508,18.40999984741211,568600.0,18.540000915527344,18.360000610351562,18.360000610351562
14-09-2018,18.309999465942383,18.450000762939453,454100.0,18.6200008392334,18.559999465942383,18.559999465942383
17-09-2018,18.385000228881836,18.59000015258789,435400.0,18.889999389648438,18.489999771118164,18.489999771118164
18-09-2018,18.280000686645508,18.450000762939453,490200.0,18.84000015258789,18.3799991607666,18.3799991607666
19-09-2018,17.979999542236328,18.3799991607666,440400.0,18.540000915527344,18.079999923706055,18.079999923706055
20-09-2018,17.670000076293945,18.1299991607666,849400.0,18.31999969482422,17.68000030517578,17.68000030517578
21-09-2018,17.110000610351562,17.780000686645508,3597300.0,17.8799991607666,17.190000534057617,17.190000534057617
24-09-2018,16.34000015258789,17.110000610351562,520300.0,17.15999984741211,16.520000457763672,16.520000457763672
25-09-2018,15.630000114440918,16.540000915527344,637500.0,16.704999923706055,15.970000267028809,15.970000267028809
26-09-2018,15.65999984741211,15.949999809265137,624500.0,16.360000610351562,16.260000228881836,16.260000228881836
27-09-2018,15.25,16.260000228881836,830800.0,16.40999984741211,15.680000305175781,15.680000305175781
28-09-2018,15.539999961853027,15.65999984741211,566800.0,16.149999618530273,16.049999237060547,16.049999237060547
01-10-2018,15.079999923706055,16.1200008392334,460900.0,16.200000762939453,15.25,15.25
02-10-2018,14.65999984741211,15.210000038146973,281900.0,15.460000038146973,14.6899995803833,14.6899995803833
03-10-2018,14.640000343322754,14.789999961853027,608400.0,15.449999809265137,15.289999961853027,15.289999961853027
04-10-2018,14.770000457763672,15.25,642800.0,15.359999656677246,15.069999694824219,15.069999694824219
05-10-2018,14.5,15.109999656677246,395600.0,15.244999885559082,14.65999984741211,14.65999984741211
08-10-2018,14.446000099182129,14.59000015258789,276200.0,14.960000038146973,14.8100004196167,14.8100004196167
09-10-2018,14.40999984741211,14.800000190734863,321300.0,14.850000381469727,14.5600004196167,14.5600004196167
10-10-2018,13.8100004196167,14.520000457763672,342500.0,14.640000343322754,13.930000305175781,13.930000305175781
11-10-2018,13.6899995803833,13.84000015258789,378000.0,14.210000038146973,14.039999961853027,14.039999961853027
12-10-2018,14.039999961853027,14.289999961853027,427000.0,14.369999885559082,14.210000038146973,14.210000038146973
15-10-2018,13.600000381469727,13.680000305175781,460000.0,14.1899995803833,13.75,13.75
16-10-2018,13.739999771118164,13.819999694824219,285800.0,14.470000267028809,14.369999885559082,14.369999885559082
17-10-2018,13.960000038146973,14.25,223700.0,14.539999961853027,14.420000076293945,14.420000076293945
18-10-2018,13.880000114440918,14.329999923706055,214200.0,14.390000343322754,13.970000267028809,13.970000267028809
19-10-2018,13.329999923706055,13.949999809265137,336900.0,14.09000015258789,13.699999809265137,13.699999809265137
22-10-2018,13.430000305175781,13.789999961853027,264300.0,14.0600004196167,13.649999618530273,13.649999618530273
23-10-2018,13.039999961853027,13.380000114440918,310200.0,13.829999923706055,13.609999656677246,13.609999656677246
24-10-2018,13.279999732971191,13.479999542236328,316800.0,13.970000267028809,13.319999694824219,13.319999694824219
25-10-2018,13.25,13.4399995803833,331400.0,13.5649995803833,13.4399995803833,13.4399995803833
26-10-2018,13.069999694824219,13.260000228881836,307100.0,13.920000076293945,13.6899995803833,13.6899995803833
29-10-2018,13.229999542236328,13.819999694824219,632600.0,14.050000190734863,13.569999694824219,13.569999694824219
30-10-2018,13.539999961853027,13.539999961853027,272300.0,14.380000114440918,14.319999694824219,14.319999694824219
31-10-2018,14.380000114440918,14.510000228881836,687800.0,14.979999542236328,14.720000267028809,14.720000267028809
01-11-2018,14.350000381469727,14.829999923706055,365300.0,15.109999656677246,14.40999984741211,14.40999984741211
02-11-2018,14.220000267028809,14.489999771118164,194500.0,14.760000228881836,14.6899995803833,14.6899995803833
05-11-2018,14.1899995803833,14.680000305175781,155000.0,14.949999809265137,14.4399995803833,14.4399995803833
06-11-2018,13.84000015258789,14.34000015258789,408900.0,14.520000457763672,13.960000038146973,13.960000038146973
07-11-2018,13.970000267028809,14.079999923706055,217500.0,14.260000228881836,14.170000076293945,14.170000076293945
08-11-2018,14.0,14.170000076293945,210100.0,14.265000343322754,14.100000381469727,14.100000381469727
09-11-2018,13.569999694824219,14.0,171100.0,14.135000228881836,13.850000381469727,13.850000381469727
12-11-2018,13.369999885559082,13.770000457763672,117100.0,13.770000457763672,13.40999984741211,13.40999984741211
13-11-2018,13.395999908447266,13.449999809265137,485000.0,14.029999732971191,13.479999542236328,13.479999542236328
14-11-2018,13.15999984741211,13.640000343322754,242700.0,13.970000267028809,13.369999885559082,13.369999885559082
15-11-2018,13.130000114440918,13.300000190734863,162000.0,13.470000267028809,13.380000114440918,13.380000114440918
16-11-2018,13.050000190734863,13.380000114440918,222000.0,13.380000114440918,13.170000076293945,13.170000076293945
19-11-2018,12.819999694824219,13.09000015258789,446600.0,13.295000076293945,12.850000381469727,12.850000381469727
20-11-2018,12.220000267028809,12.5600004196167,369500.0,12.819999694824219,12.25,12.25
21-11-2018,12.149999618530273,12.3100004196167,392400.0,12.46500015258789,12.25,12.25
23-11-2018,12.0600004196167,12.239999771118164,113900.0,12.300000190734863,12.09000015258789,12.09000015258789
26-11-2018,11.90999984741211,12.199999809265137,282700.0,12.369999885559082,12.039999961853027,12.039999961853027
27-11-2018,11.640000343322754,11.9399995803833,361700.0,12.163000106811523,11.779999732971191,11.779999732971191
28-11-2018,11.9399995803833,12.100000381469727,3889800.0,13.779999732971191,13.489999771118164,13.489999771118164
29-11-2018,13.109999656677246,13.359999656677246,584500.0,13.9399995803833,13.180000305175781,13.180000305175781
30-11-2018,12.40999984741211,13.210000038146973,767700.0,13.210000038146973,12.600000381469727,12.600000381469727
03-12-2018,12.640000343322754,12.640000343322754,549400.0,13.140000343322754,12.699999809265137,12.699999809265137
04-12-2018,11.869999885559082,12.770000457763672,478800.0,12.800000190734863,12.0,12.0
06-12-2018,11.710000038146973,11.789999961853027,608400.0,12.414999961853027,12.359999656677246,12.359999656677246
07-12-2018,11.529999732971191,12.220000267028809,413900.0,12.40999984741211,11.600000381469727,11.600000381469727
10-12-2018,11.079999923706055,11.5600004196167,382900.0,11.649999618530273,11.229999542236328,11.229999542236328
11-12-2018,11.350000381469727,11.4399995803833,938100.0,12.045000076293945,11.649999618530273,11.649999618530273
12-12-2018,11.510000228881836,11.829999923706055,481200.0,11.895000457763672,11.529999732971191,11.529999732971191
13-12-2018,10.829999923706055,11.59000015258789,951400.0,11.699999809265137,10.869999885559082,10.869999885559082
14-12-2018,10.760000228881836,11.180000305175781,899900.0,11.227999687194824,10.800000190734863,10.800000190734863
17-12-2018,10.25,11.0,660500.0,11.079999923706055,10.390000343322754,10.390000343322754
18-12-2018,10.199999809265137,10.359999656677246,401000.0,10.59000015258789,10.239999771118164,10.239999771118164
19-12-2018,9.699999809265137,10.210000038146973,850400.0,10.40999984741211,9.880000114440918,9.880000114440918
20-12-2018,9.621999740600586,9.760000228881836,633500.0,9.979999542236328,9.9399995803833,9.9399995803833
21-12-2018,9.550000190734863,9.989999771118164,594700.0,10.3149995803833,9.649999618530273,9.649999618530273
24-12-2018,9.239999771118164,9.550000190734863,152700.0,9.59000015258789,9.25,9.25
26-12-2018,9.050000190734863,9.4399995803833,508500.0,9.84000015258789,9.819999694824219,9.819999694824219
27-12-2018,9.4399995803833,9.670000076293945,564300.0,9.979999542236328,9.979999542236328,9.979999542236328
28-12-2018,9.680000305175781,10.0,574400.0,10.128000259399414,9.760000228881836,9.760000228881836
31-12-2018,9.720000267028809,9.819999694824219,802600.0,10.21500015258789,10.210000038146973,10.210000038146973
02-01-2019,10.020000457763672,10.09000015258789,492900.0,10.789999961853027,10.670000076293945,10.670000076293945
03-01-2019,10.319999694824219,10.539999961853027,388900.0,10.75,10.630000114440918,10.630000114440918
04-01-2019,10.760000228881836,10.819999694824219,697300.0,11.640000343322754,11.5,11.5
07-01-2019,11.350000381469727,11.529999732971191,291600.0,11.75,11.670000076293945,11.670000076293945
08-01-2019,11.640000343322754,11.770000457763672,547600.0,12.420000076293945,12.359999656677246,12.359999656677246
09-01-2019,12.279999732971191,12.40999984741211,387200.0,12.760000228881836,12.670000076293945,12.670000076293945
10-01-2019,12.699999809265137,12.699999809265137,529800.0,13.319999694824219,13.140000343322754,13.140000343322754
11-01-2019,13.130000114440918,13.260000228881836,634300.0,13.829999923706055,13.720000267028809,13.720000267028809
14-01-2019,13.369999885559082,13.670000076293945,606400.0,14.210000038146973,14.09000015258789,14.09000015258789
15-01-2019,14.0600004196167,14.09000015258789,654300.0,14.520000457763672,14.319999694824219,14.319999694824219
16-01-2019,14.149999618530273,14.279999732971191,486100.0,14.789999961853027,14.460000038146973,14.460000038146973
17-01-2019,14.069999694824219,14.520000457763672,491900.0,14.65999984741211,14.239999771118164,14.239999771118164
18-01-2019,14.100000381469727,14.260000228881836,393700.0,14.479999542236328,14.350000381469727,14.350000381469727
22-01-2019,14.15999984741211,14.229999542236328,337000.0,14.470000267028809,14.329999923706055,14.329999923706055
23-01-2019,14.0600004196167,14.40999984741211,293000.0,14.470000267028809,14.239999771118164,14.239999771118164
24-01-2019,14.029999732971191,14.220000267028809,466600.0,14.699999809265137,14.670000076293945,14.670000076293945
25-01-2019,14.670000076293945,14.859999656677246,345900.0,15.260000228881836,14.850000381469727,14.850000381469727
28-01-2019,14.40999984741211,14.850000381469727,445300.0,15.050000190734863,14.850000381469727,14.850000381469727
29-01-2019,14.329999923706055,14.84000015258789,377000.0,14.920000076293945,14.430000305175781,14.430000305175781
30-01-2019,14.220000267028809,14.5600004196167,223800.0,14.600000381469727,14.4399995803833,14.4399995803833
31-01-2019,14.460000038146973,14.460000038146973,225600.0,14.979999542236328,14.8100004196167,14.8100004196167
01-02-2019,14.40999984741211,14.789999961853027,197500.0,14.84000015258789,14.619999885559082,14.619999885559082
04-02-2019,14.199999809265137,14.449999809265137,363700.0,14.6899995803833,14.550000190734863,14.550000190734863
05-02-2019,14.420000076293945,14.510000228881836,479000.0,15.029999732971191,14.880000114440918,14.880000114440918
06-02-2019,14.470000267028809,14.8100004196167,296700.0,14.899999618530273,14.739999771118164,14.739999771118164
07-02-2019,12.40999984741211,13.640000343322754,606800.0,13.859999656677246,13.229999542236328,13.229999542236328
08-02-2019,12.3100004196167,13.130000114440918,915400.0,13.289999961853027,12.75,12.75
11-02-2019,12.619999885559082,12.770000457763672,858900.0,13.109999656677246,13.0,13.0
12-02-2019,12.899999618530273,13.210000038146973,407700.0,13.470000267028809,13.260000228881836,13.260000228881836
13-02-2019,13.600000381469727,13.90999984741211,576600.0,14.350000381469727,13.770000457763672,13.770000457763672
14-02-2019,13.609999656677246,13.609999656677246,467700.0,14.055000305175781,13.949999809265137,13.949999809265137
15-02-2019,13.970000267028809,14.069999694824219,783400.0,14.369999885559082,14.1899995803833,14.1899995803833
19-02-2019,13.75,14.140000343322754,341600.0,14.510000228881836,13.760000228881836,13.760000228881836
20-02-2019,13.569999694824219,13.729999542236328,379500.0,14.199999809265137,13.989999771118164,13.989999771118164
21-02-2019,13.449999809265137,13.84000015258789,193900.0,14.039999961853027,13.729999542236328,13.729999542236328
22-02-2019,13.279999732971191,13.84000015258789,464000.0,13.979999542236328,13.430000305175781,13.430000305175781
25-02-2019,13.539999961853027,13.539999961853027,373400.0,14.079999923706055,13.899999618530273,13.899999618530273
26-02-2019,13.390000343322754,13.899999618530273,325500.0,14.029999732971191,13.520000457763672,13.520000457763672
27-02-2019,13.350000381469727,13.470000267028809,232400.0,13.630000114440918,13.5600004196167,13.5600004196167
28-02-2019,13.4399995803833,13.569999694824219,237300.0,13.6899995803833,13.5,13.5
01-03-2019,13.460000038146973,13.609999656677246,418300.0,13.960000038146973,13.75,13.75
04-03-2019,13.630000114440918,13.75,161600.0,13.869999885559082,13.739999771118164,13.739999771118164
05-03-2019,13.5600004196167,13.789999961853027,206500.0,13.880000114440918,13.600000381469727,13.600000381469727
06-03-2019,13.5,13.770000457763672,250200.0,14.067000389099121,14.0,14.0
07-03-2019,13.600000381469727,13.90999984741211,223600.0,14.069999694824219,13.960000038146973,13.960000038146973
08-03-2019,13.739999771118164,13.779999732971191,263600.0,14.079999923706055,14.029999732971191,14.029999732971191
11-03-2019,13.789999961853027,14.039999961853027,264300.0,14.40999984741211,14.029999732971191,14.029999732971191
12-03-2019,13.859999656677246,14.010000228881836,364500.0,14.220000267028809,13.970000267028809,13.970000267028809
13-03-2019,13.770000457763672,13.970000267028809,511500.0,14.164999961853027,13.859999656677246,13.859999656677246
14-03-2019,13.8100004196167,13.8100004196167,385600.0,14.029999732971191,14.0,14.0
15-03-2019,13.8100004196167,14.029999732971191,1167900.0,14.460000038146973,14.420000076293945,14.420000076293945
18-03-2019,14.489999771118164,14.489999771118164,423500.0,15.109999656677246,15.069999694824219,15.069999694824219
19-03-2019,15.039999961853027,15.149999618530273,658200.0,15.760000228881836,15.75,15.75
20-03-2019,15.1899995803833,15.670000076293945,671800.0,15.739999771118164,15.579999923706055,15.579999923706055
21-03-2019,15.239999771118164,15.510000228881836,651600.0,15.869999885559082,15.289999961853027,15.289999961853027
22-03-2019,14.180000305175781,15.119999885559082,307300.0,15.369999885559082,14.199999809265137,14.199999809265137
25-03-2019,13.739999771118164,14.130000114440918,187200.0,14.270000457763672,13.819999694824219,13.819999694824219
26-03-2019,13.8100004196167,13.949999809265137,225900.0,14.220000267028809,14.210000038146973,14.210000038146973
27-03-2019,14.0600004196167,14.170000076293945,194600.0,14.779999732971191,14.600000381469727,14.600000381469727
28-03-2019,14.640000343322754,14.640000343322754,253700.0,14.930000305175781,14.84000015258789,14.84000015258789
29-03-2019,14.3149995803833,14.960000038146973,233800.0,14.960000038146973,14.399999618530273,14.399999618530273
01-04-2019,14.414999961853027,14.5,171600.0,14.819999694824219,14.800000190734863,14.800000190734863
02-04-2019,14.460000038146973,14.779999732971191,115600.0,15.079999923706055,14.520000457763672,14.520000457763672
03-04-2019,14.520000457763672,14.630000114440918,137100.0,14.800000190734863,14.739999771118164,14.739999771118164
04-04-2019,14.670000076293945,14.779999732971191,466400.0,15.072999954223633,15.020000457763672,15.020000457763672
05-04-2019,14.800000190734863,15.039999961853027,206100.0,15.210000038146973,14.920000076293945,14.920000076293945
08-04-2019,14.489999771118164,14.789999961853027,157600.0,15.039999961853027,14.920000076293945,14.920000076293945
09-04-2019,14.59000015258789,14.890000343322754,94800.0,15.069999694824219,14.619999885559082,14.619999885559082
10-04-2019,14.600000381469727,14.600000381469727,119400.0,14.880000114440918,14.779999732971191,14.779999732971191
11-04-2019,14.319999694824219,14.770000457763672,186800.0,14.90999984741211,14.84000015258789,14.84000015258789
12-04-2019,14.694999694824219,15.0,135200.0,15.0,14.880000114440918,14.880000114440918
15-04-2019,14.760000228881836,14.920000076293945,118200.0,15.0,14.949999809265137,14.949999809265137
16-04-2019,14.800000190734863,14.979999542236328,490100.0,15.140000343322754,14.989999771118164,14.989999771118164
17-04-2019,14.890000343322754,15.020000457763672,314500.0,15.163999557495117,15.100000381469727,15.100000381469727
18-04-2019,15.0600004196167,15.0600004196167,279800.0,15.729999542236328,15.630000114440918,15.630000114440918
22-04-2019,15.609999656677246,15.619999885559082,235700.0,16.1299991607666,15.989999771118164,15.989999771118164
23-04-2019,15.880000114440918,15.930000305175781,205700.0,16.1299991607666,16.09000015258789,16.09000015258789
24-04-2019,15.9399995803833,16.020000457763672,225900.0,16.209999084472656,15.989999771118164,15.989999771118164
25-04-2019,15.579999923706055,15.829999923706055,167700.0,16.1299991607666,16.0,16.0
26-04-2019,15.930000305175781,16.020000457763672,176700.0,16.235000610351562,16.15999984741211,16.15999984741211
29-04-2019,16.15999984741211,16.260000228881836,208000.0,16.389999389648438,16.34000015258789,16.34000015258789
30-04-2019,15.90999984741211,16.40999984741211,243700.0,16.40999984741211,16.040000915527344,16.040000915527344
01-05-2019,15.960000038146973,16.100000381469727,286100.0,16.329999923706055,16.260000228881836,16.260000228881836
02-05-2019,16.229999542236328,16.229999542236328,289800.0,16.59000015258789,16.5,16.5
03-05-2019,16.469999313354492,16.6299991607666,340600.0,16.809999465942383,16.739999771118164,16.739999771118164
06-05-2019,16.299999237060547,16.420000076293945,185200.0,16.8799991607666,16.860000610351562,16.860000610351562
07-05-2019,16.260000228881836,16.670000076293945,397200.0,16.8700008392334,16.520000457763672,16.520000457763672
08-05-2019,15.34000015258789,16.950000762939453,1247200.0,16.950000762939453,16.389999389648438,16.389999389648438
09-05-2019,16.014999389648438,16.219999313354492,352000.0,16.84000015258789,16.729999542236328,16.729999542236328
10-05-2019,16.270000457763672,16.739999771118164,338500.0,16.920000076293945,16.540000915527344,16.540000915527344
13-05-2019,15.869999885559082,16.1299991607666,319500.0,16.40999984741211,16.15999984741211,16.15999984741211
14-05-2019,16.149999618530273,16.149999618530273,191700.0,16.829999923706055,16.6200008392334,16.6200008392334
15-05-2019,16.440000534057617,16.469999313354492,493100.0,16.729999542236328,16.719999313354492,16.719999313354492
16-05-2019,16.65999984741211,16.729999542236328,230300.0,17.100000381469727,16.969999313354492,16.969999313354492
17-05-2019,16.639999389648438,16.790000915527344,321900.0,16.93000030517578,16.760000228881836,16.760000228881836
20-05-2019,16.459999084472656,16.649999618530273,229100.0,16.690000534057617,16.559999465942383,16.559999465942383
21-05-2019,16.56999969482422,16.639999389648438,156500.0,17.09000015258789,17.059999465942383,17.059999465942383
22-05-2019,16.84000015258789,16.979999542236328,111000.0,17.1200008392334,16.950000762939453,16.950000762939453
23-05-2019,16.533000946044922,16.920000076293945,126200.0,16.920000076293945,16.670000076293945,16.670000076293945
24-05-2019,16.395000457763672,16.760000228881836,354000.0,16.799999237060547,16.530000686645508,16.530000686645508
28-05-2019,16.399999618530273,16.65999984741211,703900.0,16.80699920654297,16.479999542236328,16.479999542236328
29-05-2019,16.360000610351562,16.450000762939453,201400.0,16.969999313354492,16.950000762939453,16.950000762939453
30-05-2019,16.790000915527344,17.059999465942383,199000.0,17.229999542236328,16.920000076293945,16.920000076293945
31-05-2019,16.579999923706055,16.639999389648438,192000.0,17.030000686645508,16.709999084472656,16.709999084472656
03-06-2019,16.65999984741211,16.690000534057617,240000.0,16.969999313354492,16.860000610351562,16.860000610351562
04-06-2019,16.940000534057617,17.110000610351562,168700.0,17.389999389648438,17.360000610351562,17.360000610351562
05-06-2019,17.239999771118164,17.329999923706055,133700.0,17.645000457763672,17.579999923706055,17.579999923706055
06-06-2019,17.40999984741211,17.559999465942383,114100.0,17.729999542236328,17.6200008392334,17.6200008392334
07-06-2019,17.850000381469727,17.90999984741211,200400.0,18.389999389648438,18.260000228881836,18.260000228881836
10-06-2019,18.329999923706055,18.329999923706055,154500.0,18.799999237060547,18.360000610351562,18.360000610351562
11-06-2019,18.209999084472656,18.530000686645508,178700.0,18.709999084472656,18.399999618530273,18.399999618530273
12-06-2019,18.100000381469727,18.360000610351562,103200.0,18.360000610351562,18.200000762939453,18.200000762939453
13-06-2019,18.190000534057617,18.299999237060547,134200.0,18.3700008392334,18.34000015258789,18.34000015258789
14-06-2019,18.25,18.260000228881836,144600.0,18.420000076293945,18.309999465942383,18.309999465942383
17-06-2019,17.899999618530273,18.31999969482422,120500.0,18.329999923706055,18.059999465942383,18.059999465942383
18-06-2019,18.049999237060547,18.190000534057617,111400.0,18.540000915527344,18.3799991607666,18.3799991607666
19-06-2019,18.350000381469727,18.3700008392334,154800.0,18.670000076293945,18.600000381469727,18.600000381469727
20-06-2019,18.6200008392334,18.81999969482422,194100.0,18.989999771118164,18.860000610351562,18.860000610351562
21-06-2019,18.709999084472656,18.719999313354492,181900.0,18.959999084472656,18.90999984741211,18.90999984741211
24-06-2019,18.440000534057617,18.809999465942383,126000.0,18.959999084472656,18.469999313354492,18.469999313354492
25-06-2019,18.264999389648438,18.459999084472656,144500.0,18.597000122070312,18.43000030517578,18.43000030517578
26-06-2019,18.219999313354492,18.5,99300.0,18.53499984741211,18.350000381469727,18.350000381469727
27-06-2019,18.309999465942383,18.459999084472656,182600.0,18.700000762939453,18.68000030517578,18.68000030517578
28-06-2019,18.670000076293945,18.770000457763672,996500.0,18.920000076293945,18.709999084472656,18.709999084472656
01-07-2019,18.780000686645508,18.780000686645508,179600.0,19.09000015258789,18.8799991607666,18.8799991607666
02-07-2019,18.56999969482422,18.860000610351562,139700.0,19.014999389648438,18.639999389648438,18.639999389648438
03-07-2019,18.469999313354492,18.860000610351562,156700.0,19.0,18.739999771118164,18.739999771118164
05-07-2019,18.44499969482422,18.6299991607666,200400.0,18.920000076293945,18.889999389648438,18.889999389648438
08-07-2019,17.950000762939453,18.860000610351562,202100.0,18.860000610351562,18.059999465942383,18.059999465942383
09-07-2019,17.59000015258789,17.93000030517578,183400.0,18.110000610351562,18.059999465942383,18.059999465942383
10-07-2019,17.90999984741211,18.190000534057617,111700.0,18.309999465942383,18.239999771118164,18.239999771118164
11-07-2019,17.649999618530273,18.329999923706055,109100.0,18.329999923706055,17.670000076293945,17.670000076293945
12-07-2019,17.719999313354492,17.809999465942383,108900.0,18.229999542236328,18.06999969482422,18.06999969482422
15-07-2019,17.920000076293945,17.959999084472656,210900.0,18.690000534057617,17.979999542236328,17.979999542236328
16-07-2019,17.8799991607666,17.8799991607666,198900.0,18.360000610351562,18.270000457763672,18.270000457763672
17-07-2019,17.81999969482422,18.200000762939453,110700.0,18.329999923706055,17.81999969482422,17.81999969482422
18-07-2019,17.1299991607666,17.489999771118164,196600.0,17.889999389648438,17.860000610351562,17.860000610351562
19-07-2019,17.579999923706055,17.809999465942383,131600.0,18.079999923706055,17.799999237060547,17.799999237060547
22-07-2019,17.760000228881836,17.850000381469727,120100.0,18.09000015258789,17.889999389648438,17.889999389648438
23-07-2019,17.889999389648438,17.969999313354492,155200.0,18.420000076293945,18.309999465942383,18.309999465942383
24-07-2019,18.219999313354492,18.219999313354492,128700.0,18.93000030517578,18.920000076293945,18.920000076293945
25-07-2019,18.59000015258789,18.889999389648438,201000.0,19.1299991607666,18.809999465942383,18.809999465942383
26-07-2019,18.540000915527344,18.889999389648438,142500.0,19.020000457763672,18.700000762939453,18.700000762939453
29-07-2019,18.6299991607666,18.65999984741211,134600.0,18.969999313354492,18.84000015258789,18.84000015258789
30-07-2019,18.52899932861328,18.68000030517578,488700.0,19.857999801635742,19.420000076293945,19.420000076293945
31-07-2019,19.24799919128418,19.479999542236328,282600.0,19.969999313354492,19.760000228881836,19.760000228881836
01-08-2019,19.43000030517578,19.639999389648438,328900.0,20.270000457763672,19.520000457763672,19.520000457763672
02-08-2019,19.209999084472656,19.420000076293945,192800.0,19.6299991607666,19.440000534057617,19.440000534057617
05-08-2019,18.3799991607666,19.1200008392334,183900.0,19.1299991607666,18.75,18.75
06-08-2019,18.59000015258789,18.790000915527344,210700.0,19.18000030517578,19.110000610351562,19.110000610351562
07-08-2019,16.850000381469727,18.399999618530273,388400.0,18.84000015258789,16.90999984741211,16.90999984741211
08-08-2019,17.0,17.06999969482422,254200.0,18.274999618530273,18.209999084472656,18.209999084472656
09-08-2019,17.756000518798828,18.139999389648438,221200.0,19.270000457763672,19.06999969482422,19.06999969482422
12-08-2019,18.25,18.979999542236328,232400.0,18.979999542236328,18.350000381469727,18.350000381469727
13-08-2019,18.15999984741211,18.15999984741211,256300.0,18.704999923706055,18.5,18.5
14-08-2019,17.959999084472656,18.100000381469727,111500.0,18.25,18.190000534057617,18.190000534057617
15-08-2019,18.014999389648438,18.209999084472656,185000.0,18.520000457763672,18.110000610351562,18.110000610351562
16-08-2019,18.219999313354492,18.219999313354492,152800.0,18.940000534057617,18.8799991607666,18.8799991607666
19-08-2019,18.469999313354492,18.8700008392334,105300.0,19.100000381469727,18.989999771118164,18.989999771118164
20-08-2019,18.729999542236328,19.010000228881836,161700.0,19.09000015258789,18.950000762939453,18.950000762939453
21-08-2019,18.639999389648438,19.200000762939453,154900.0,19.31999969482422,18.649999618530273,18.649999618530273
22-08-2019,18.709999084472656,19.149999618530273,182400.0,19.260000228881836,18.8700008392334,18.8700008392334
23-08-2019,18.0,18.729999542236328,147900.0,19.0,18.139999389648438,18.139999389648438
26-08-2019,18.114999771118164,18.25,90300.0,18.43000030517578,18.25,18.25
27-08-2019,17.799999237060547,18.389999389648438,260600.0,18.420000076293945,18.209999084472656,18.209999084472656
28-08-2019,17.979999542236328,18.139999389648438,275700.0,18.28499984741211,18.100000381469727,18.100000381469727
29-08-2019,18.31999969482422,18.31999969482422,150200.0,19.020000457763672,18.770000457763672,18.770000457763672
30-08-2019,18.229999542236328,18.889999389648438,184700.0,19.048999786376953,18.329999923706055,18.329999923706055
03-09-2019,17.479999542236328,18.280000686645508,235800.0,18.760000228881836,17.670000076293945,17.670000076293945
04-09-2019,17.635000228881836,17.920000076293945,63000.0,17.950000762939453,17.90999984741211,17.90999984741211
05-09-2019,18.149999618530273,18.149999618530273,112700.0,18.65999984741211,18.5,18.5
06-09-2019,18.360000610351562,18.520000457763672,71400.0,18.899999618530273,18.739999771118164,18.739999771118164
09-09-2019,18.68000030517578,18.790000915527344,192500.0,19.34000015258789,19.0,19.0
10-09-2019,18.8799991607666,19.079999923706055,466800.0,19.75,19.549999237060547,19.549999237060547
11-09-2019,18.90999984741211,19.739999771118164,425600.0,19.760000228881836,18.959999084472656,18.959999084472656
12-09-2019,18.489999771118164,18.860000610351562,273700.0,19.024999618530273,18.649999618530273,18.649999618530273
13-09-2019,18.440000534057617,18.8700008392334,294000.0,19.045000076293945,18.6200008392334,18.6200008392334
16-09-2019,18.18000030517578,18.510000228881836,432100.0,19.202999114990234,18.5,18.5
17-09-2019,18.084999084472656,18.479999542236328,437700.0,19.09000015258789,18.440000534057617,18.440000534057617
18-09-2019,18.299999237060547,18.40999984741211,266600.0,19.079999923706055,19.0,19.0
19-09-2019,18.649999618530273,19.110000610351562,177000.0,19.135000228881836,18.739999771118164,18.739999771118164
20-09-2019,18.56999969482422,18.75,647700.0,19.09000015258789,18.809999465942383,18.809999465942383
23-09-2019,18.329999923706055,18.84000015258789,145200.0,18.860000610351562,18.3700008392334,18.3700008392334
24-09-2019,17.940000534057617,18.3799991607666,228200.0,18.47599983215332,18.049999237060547,18.049999237060547
25-09-2019,17.84000015258789,18.1200008392334,390000.0,18.270000457763672,18.040000915527344,18.040000915527344
26-09-2019,17.15999984741211,18.030000686645508,366800.0,18.030000686645508,17.309999465942383,17.309999465942383
27-09-2019,16.889999389648438,17.309999465942383,192200.0,17.53499984741211,17.09000015258789,17.09000015258789
30-09-2019,16.8700008392334,17.139999389648438,310500.0,17.3799991607666,17.149999618530273,17.149999618530273
01-10-2019,16.850000381469727,17.239999771118164,212900.0,17.59000015258789,16.979999542236328,16.979999542236328
02-10-2019,16.700000762939453,16.770000457763672,203100.0,17.15999984741211,17.079999923706055,17.079999923706055
03-10-2019,16.6299991607666,16.950000762939453,216800.0,17.149999618530273,16.860000610351562,16.860000610351562
04-10-2019,16.770000457763672,16.790000915527344,118400.0,17.350000381469727,17.34000015258789,17.34000015258789
07-10-2019,17.170000076293945,17.270000457763672,130800.0,17.579999923706055,17.389999389648438,17.389999389648438
08-10-2019,16.920000076293945,17.149999618530273,122900.0,17.479999542236328,17.290000915527344,17.290000915527344
09-10-2019,17.3700008392334,17.549999237060547,135700.0,17.579999923706055,17.469999313354492,17.469999313354492
10-10-2019,17.360000610351562,17.59000015258789,125000.0,17.799999237060547,17.389999389648438,17.389999389648438
11-10-2019,17.280000686645508,17.639999389648438,140000.0,17.739999771118164,17.31999969482422,17.31999969482422
14-10-2019,17.0,17.280000686645508,107800.0,17.309999465942383,17.149999618530273,17.149999618530273
15-10-2019,17.110000610351562,17.209999084472656,131400.0,17.604999542236328,17.540000915527344,17.540000915527344
16-10-2019,17.479999542236328,17.510000228881836,80000.0,17.84600067138672,17.670000076293945,17.670000076293945
17-10-2019,17.6299991607666,17.760000228881836,107300.0,18.02899932861328,17.700000762939453,17.700000762939453
18-10-2019,17.559999465942383,17.649999618530273,74100.0,17.871999740600586,17.75,17.75
21-10-2019,17.65999984741211,17.8700008392334,90200.0,18.030000686645508,17.989999771118164,17.989999771118164
22-10-2019,17.739999771118164,17.93000030517578,110300.0,18.15999984741211,17.979999542236328,17.979999542236328
23-10-2019,17.899999618530273,17.899999618530273,103900.0,18.299999237060547,18.209999084472656,18.209999084472656
24-10-2019,17.868000030517578,18.239999771118164,82400.0,18.299999237060547,17.93000030517578,17.93000030517578
25-10-2019,17.760000228881836,17.799999237060547,83500.0,18.209999084472656,18.030000686645508,18.030000686645508
28-10-2019,18.110000610351562,18.110000610351562,127200.0,18.385000228881836,18.149999618530273,18.149999618530273
29-10-2019,17.889999389648438,18.15999984741211,194600.0,18.219999313354492,17.899999618530273,17.899999618530273
30-10-2019,17.549999237060547,17.90999984741211,87300.0,18.020000457763672,17.780000686645508,17.780000686645508
31-10-2019,17.540000915527344,17.719999313354492,154300.0,17.850000381469727,17.799999237060547,17.799999237060547
01-11-2019,17.8799991607666,17.989999771118164,170500.0,18.850000381469727,18.479999542236328,18.479999542236328
04-11-2019,18.459999084472656,18.5,99000.0,18.81999969482422,18.489999771118164,18.489999771118164
05-11-2019,18.46500015258789,18.540000915527344,72400.0,18.850000381469727,18.780000686645508,18.780000686645508
06-11-2019,18.469999313354492,18.739999771118164,64200.0,18.760000228881836,18.6200008392334,18.6200008392334
07-11-2019,18.739999771118164,18.860000610351562,61200.0,19.040000915527344,18.889999389648438,18.889999389648438
08-11-2019,18.440000534057617,18.84000015258789,58600.0,18.959999084472656,18.6299991607666,18.6299991607666
11-11-2019,18.389999389648438,18.540000915527344,231300.0,18.709999084472656,18.700000762939453,18.700000762939453
12-11-2019,18.739999771118164,18.790000915527344,84800.0,19.06999969482422,18.959999084472656,18.959999084472656
13-11-2019,18.625,18.799999237060547,169800.0,19.030000686645508,18.979999542236328,18.979999542236328
14-11-2019,18.729999542236328,18.93000030517578,185800.0,19.18000030517578,18.75,18.75
15-11-2019,18.530000686645508,18.950000762939453,110400.0,19.110000610351562,18.59000015258789,18.59000015258789
18-11-2019,18.575000762939453,18.6200008392334,137500.0,19.0,18.780000686645508,18.780000686645508
19-11-2019,18.8700008392334,18.950000762939453,264600.0,19.229999542236328,18.969999313354492,18.969999313354492
20-11-2019,18.850000381469727,18.850000381469727,282100.0,19.670000076293945,19.290000915527344,19.290000915527344
21-11-2019,16.020000457763672,18.399999618530273,1058900.0,18.399999618530273,16.809999465942383,16.809999465942383
22-11-2019,16.3799991607666,16.899999618530273,474200.0,16.969999313354492,16.889999389648438,16.889999389648438
25-11-2019,16.65999984741211,16.979999542236328,204100.0,17.25,16.670000076293945,16.670000076293945
26-11-2019,16.290000915527344,16.649999618530273,211200.0,16.809999465942383,16.360000610351562,16.360000610351562
27-11-2019,15.479999542236328,15.619999885559082,243100.0,16.270000457763672,16.079999923706055,16.079999923706055
29-11-2019,15.9399995803833,16.040000915527344,87200.0,16.18000030517578,16.040000915527344,16.040000915527344
02-12-2019,16.059999465942383,16.1200008392334,207500.0,16.549999237060547,16.3799991607666,16.3799991607666
03-12-2019,16.0,16.3700008392334,231100.0,16.3700008392334,16.18000030517578,16.18000030517578
04-12-2019,16.18000030517578,16.280000686645508,169700.0,16.40999984741211,16.270000457763672,16.270000457763672
05-12-2019,16.079999923706055,16.31999969482422,147400.0,16.68000030517578,16.110000610351562,16.110000610351562
06-12-2019,16.040000915527344,16.25,122000.0,16.385000228881836,16.1200008392334,16.1200008392334
09-12-2019,16.054000854492188,16.059999465942383,211600.0,16.360000610351562,16.25,16.25
10-12-2019,16.149999618530273,16.209999084472656,262500.0,16.549999237060547,16.360000610351562,16.360000610351562
11-12-2019,16.170000076293945,16.360000610351562,95100.0,16.459999084472656,16.3799991607666,16.3799991607666
12-12-2019,16.280000686645508,16.350000381469727,164400.0,16.709999084472656,16.440000534057617,16.440000534057617
13-12-2019,15.815999984741211,16.329999923706055,130400.0,16.43000030517578,15.970000267028809,15.970000267028809
16-12-2019,15.970000267028809,16.100000381469727,140700.0,16.360000610351562,16.31999969482422,16.31999969482422
17-12-2019,16.100000381469727,16.329999923706055,89800.0,16.40999984741211,16.399999618530273,16.399999618530273
18-12-2019,16.3799991607666,16.469999313354492,159900.0,16.8700008392334,16.540000915527344,16.540000915527344
19-12-2019,16.0,16.520000457763672,447700.0,16.552000045776367,16.190000534057617,16.190000534057617
20-12-2019,16.1299991607666,16.18000030517578,632900.0,16.889999389648438,16.739999771118164,16.739999771118164
23-12-2019,16.610000610351562,16.700000762939453,178100.0,17.299999237060547,17.18000030517578,17.18000030517578
24-12-2019,16.899999618530273,17.15999984741211,38000.0,17.170000076293945,16.979999542236328,16.979999542236328
26-12-2019,16.790000915527344,16.989999771118164,57400.0,17.15999984741211,16.81999969482422,16.81999969482422
27-12-2019,16.719999313354492,16.84000015258789,84100.0,16.979999542236328,16.81999969482422,16.81999969482422
30-12-2019,16.489999771118164,16.780000686645508,125300.0,16.979999542236328,16.81999969482422,16.81999969482422
31-12-2019,16.760000228881836,16.760000228881836,97900.0,17.079999923706055,16.8700008392334,16.8700008392334
02-01-2020,16.299999237060547,16.969999313354492,133800.0,16.969999313354492,16.59000015258789,16.59000015258789
03-01-2020,16.239999771118164,16.329999923706055,77600.0,16.549999237060547,16.3799991607666,16.3799991607666
06-01-2020,16.190000534057617,16.190000534057617,131000.0,16.969999313354492,16.719999313354492,16.719999313354492
07-01-2020,16.579999923706055,16.579999923706055,116900.0,16.940000534057617,16.8700008392334,16.8700008392334
08-01-2020,16.530000686645508,16.860000610351562,173700.0,17.139999389648438,16.59000015258789,16.59000015258789
09-01-2020,16.56999969482422,16.56999969482422,64100.0,16.90999984741211,16.829999923706055,16.829999923706055
10-01-2020,16.700000762939453,16.770000457763672,123700.0,17.030000686645508,16.8799991607666,16.8799991607666
13-01-2020,16.809999465942383,16.899999618530273,122300.0,17.25,17.09000015258789,17.09000015258789
14-01-2020,16.530000686645508,17.110000610351562,115400.0,17.219999313354492,16.84000015258789,16.84000015258789
15-01-2020,16.670000076293945,16.780000686645508,86100.0,16.899999618530273,16.809999465942383,16.809999465942383
16-01-2020,16.690000534057617,16.899999618530273,113200.0,17.100000381469727,16.829999923706055,16.829999923706055
17-01-2020,16.799999237060547,16.979999542236328,135400.0,17.0,16.829999923706055,16.829999923706055
21-01-2020,16.25,16.700000762939453,142200.0,16.950000762939453,16.34000015258789,16.34000015258789
22-01-2020,16.010000228881836,16.389999389648438,89900.0,16.5,16.149999618530273,16.149999618530273
23-01-2020,15.875,16.059999465942383,180000.0,16.579999923706055,16.40999984741211,16.40999984741211
24-01-2020,16.149999618530273,16.469999313354492,107700.0,16.489999771118164,16.25,16.25
27-01-2020,15.859999656677246,16.030000686645508,105600.0,16.260000228881836,16.040000915527344,16.040000915527344
28-01-2020,15.989999771118164,16.209999084472656,56000.0,16.399999618530273,16.139999389648438,16.139999389648438
29-01-2020,15.824000358581543,16.1299991607666,53000.0,16.25,15.859999656677246,15.859999656677246
30-01-2020,15.520000457763672,15.75,112900.0,16.170000076293945,16.1299991607666,16.1299991607666
31-01-2020,15.510000228881836,16.059999465942383,156000.0,16.09000015258789,15.800000190734863,15.800000190734863
03-02-2020,15.899999618530273,15.90999984741211,167100.0,16.350000381469727,16.229999542236328,16.229999542236328
04-02-2020,16.18000030517578,16.350000381469727,158200.0,16.649999618530273,16.459999084472656,16.459999084472656
05-02-2020,16.440000534057617,16.68000030517578,199500.0,16.889999389648438,16.459999084472656,16.459999084472656
06-02-2020,15.829999923706055,16.579999923706055,324200.0,16.889999389648438,16.100000381469727,16.100000381469727
07-02-2020,15.300000190734863,15.9399995803833,370500.0,16.06999969482422,15.670000076293945,15.670000076293945
10-02-2020,15.579999923706055,15.579999923706055,138800.0,16.110000610351562,15.920000076293945,15.920000076293945
11-02-2020,15.869999885559082,15.979999542236328,131600.0,16.270000457763672,16.25,16.25
12-02-2020,15.9399995803833,16.31999969482422,191100.0,16.5,16.209999084472656,16.209999084472656
13-02-2020,15.979999542236328,16.190000534057617,142600.0,16.350000381469727,16.079999923706055,16.079999923706055
14-02-2020,15.479999542236328,16.06999969482422,155600.0,16.219999313354492,15.59000015258789,15.59000015258789
18-02-2020,15.470000267028809,15.609999656677246,103000.0,15.800000190734863,15.779999732971191,15.779999732971191
19-02-2020,15.630000114440918,15.779999732971191,106100.0,15.989999771118164,15.729999542236328,15.729999542236328
20-02-2020,15.609999656677246,15.6899995803833,139400.0,15.970000267028809,15.9399995803833,15.9399995803833
21-02-2020,15.609999656677246,15.960000038146973,119700.0,16.0,15.859999656677246,15.859999656677246
24-02-2020,15.3100004196167,15.5,136600.0,15.800000190734863,15.350000381469727,15.350000381469727
25-02-2020,14.760000228881836,15.3100004196167,208100.0,15.350000381469727,15.199999809265137,15.199999809265137
26-02-2020,14.28499984741211,15.279999732971191,309800.0,15.279999732971191,14.520000457763672,14.520000457763672
27-02-2020,13.989999771118164,14.239999771118164,303100.0,14.609999656677246,14.100000381469727,14.100000381469727
28-02-2020,13.5600004196167,13.720000267028809,281300.0,14.109999656677246,14.0,14.0
02-03-2020,13.890000343322754,14.3100004196167,584700.0,14.880000114440918,14.859999656677246,14.859999656677246
03-03-2020,14.380000114440918,14.9399995803833,299300.0,14.9399995803833,14.619999885559082,14.619999885559082
04-03-2020,14.4399995803833,14.779999732971191,310200.0,14.923999786376953,14.850000381469727,14.850000381469727
05-03-2020,13.970000267028809,14.510000228881836,264100.0,14.630000114440918,14.260000228881836,14.260000228881836
06-03-2020,13.699999809265137,13.789999961853027,177200.0,14.34000015258789,14.039999961853027,14.039999961853027
09-03-2020,12.25,13.0,265100.0,13.420000076293945,12.319999694824219,12.319999694824219
10-03-2020,11.800000190734863,12.630000114440918,424500.0,13.34000015258789,13.260000228881836,13.260000228881836
11-03-2020,11.710000038146973,12.960000038146973,172800.0,12.960000038146973,11.869999885559082,11.869999885559082
12-03-2020,10.234999656677246,11.020000457763672,274000.0,11.180000305175781,10.479999542236328,10.479999542236328
13-03-2020,9.904999732971191,10.979999542236328,371000.0,11.029999732971191,10.460000038146973,10.460000038146973
16-03-2020,9.260000228881836,9.970000267028809,226800.0,10.029999732971191,9.40999984741211,9.40999984741211
17-03-2020,8.510000228881836,9.5,335100.0,9.5,9.010000228881836,9.010000228881836
18-03-2020,6.849999904632568,8.300000190734863,223300.0,8.390000343322754,7.010000228881836,7.010000228881836
19-03-2020,6.989999771118164,7.059999942779541,555900.0,9.380000114440918,8.489999771118164,8.489999771118164
20-03-2020,7.880000114440918,8.600000381469727,507300.0,9.170000076293945,8.199999809265137,8.199999809265137
23-03-2020,7.550000190734863,8.260000228881836,234600.0,8.260000228881836,7.940000057220459,7.940000057220459
24-03-2020,8.34000015258789,8.40999984741211,196000.0,9.140000343322754,9.010000228881836,9.010000228881836
25-03-2020,8.720000267028809,8.979999542236328,314100.0,10.010000228881836,9.520000457763672,9.520000457763672
26-03-2020,9.569999694824219,9.600000381469727,368400.0,11.430000305175781,11.260000228881836,11.260000228881836
27-03-2020,10.25,10.84000015258789,367200.0,11.020000457763672,10.8100004196167,10.8100004196167
30-03-2020,10.569999694824219,10.8100004196167,318700.0,11.164999961853027,10.829999923706055,10.829999923706055
31-03-2020,10.744999885559082,10.75,322800.0,11.279999732971191,11.0600004196167,11.0600004196167
01-04-2020,9.65999984741211,10.539999961853027,272100.0,10.539999961853027,10.010000228881836,10.010000228881836
02-04-2020,9.119999885559082,9.75,460100.0,10.289999961853027,9.470000267028809,9.470000267028809
03-04-2020,8.15999984741211,9.300000190734863,267300.0,9.350000381469727,8.670000076293945,8.670000076293945
06-04-2020,9.010000228881836,9.010000228881836,197600.0,9.600000381469727,9.359999656677246,9.359999656677246
07-04-2020,9.4399995803833,9.609999656677246,330400.0,10.260000228881836,9.4399995803833,9.4399995803833
08-04-2020,9.289999961853027,9.59000015258789,352900.0,10.350000381469727,10.130000114440918,10.130000114440918
09-04-2020,10.029999732971191,10.369999885559082,395900.0,10.600000381469727,10.470000267028809,10.470000267028809
13-04-2020,10.069999694824219,10.3100004196167,257800.0,10.614999771118164,10.40999984741211,10.40999984741211
14-04-2020,10.199999809265137,10.619999885559082,285200.0,10.859999656677246,10.800000190734863,10.800000190734863
15-04-2020,9.680000305175781,10.25,287100.0,10.479999542236328,10.050000190734863,10.050000190734863
16-04-2020,9.569999694824219,10.020000457763672,260900.0,10.149999618530273,9.8100004196167,9.8100004196167
17-04-2020,9.949999809265137,10.079999923706055,196500.0,10.4399995803833,10.0,10.0
20-04-2020,9.595000267028809,9.699999809265137,183500.0,10.260000228881836,10.170000076293945,10.170000076293945
21-04-2020,9.739999771118164,9.779999732971191,110900.0,10.199999809265137,10.15999984741211,10.15999984741211
22-04-2020,10.420000076293945,10.489999771118164,286000.0,11.029999732971191,10.890000343322754,10.890000343322754
23-04-2020,10.029999732971191,10.680000305175781,345900.0,10.850000381469727,10.59000015258789,10.59000015258789
24-04-2020,10.430000305175781,10.640000343322754,226600.0,10.930000305175781,10.90999984741211,10.90999984741211
27-04-2020,11.109999656677246,11.109999656677246,164000.0,12.140000343322754,11.930000305175781,11.930000305175781
28-04-2020,11.699999809265137,12.289999961853027,160600.0,12.46500015258789,12.020000457763672,12.020000457763672
29-04-2020,12.119999885559082,12.119999885559082,357200.0,13.920000076293945,13.779999732971191,13.779999732971191
30-04-2020,12.26099967956543,13.399999618530273,358000.0,13.529999732971191,12.819999694824219,12.819999694824219
01-05-2020,12.149999618530273,12.350000381469727,220500.0,12.890000343322754,12.779999732971191,12.779999732971191
04-05-2020,12.399999618530273,12.569999694824219,193400.0,12.885000228881836,12.829999923706055,12.829999923706055
05-05-2020,12.260000228881836,13.170000076293945,195300.0,13.359999656677246,12.279999732971191,12.279999732971191
06-05-2020,12.100000381469727,12.210000038146973,139100.0,12.720000267028809,12.399999618530273,12.399999618530273
07-05-2020,11.199999809265137,12.579999923706055,250700.0,12.579999923706055,11.5,11.5
08-05-2020,11.979999542236328,12.069999694824219,266800.0,12.75,12.539999961853027,12.539999961853027
11-05-2020,11.850000381469727,12.229999542236328,244600.0,12.75,12.670000076293945,12.670000076293945
12-05-2020,12.260000228881836,12.680000305175781,451900.0,13.100000381469727,12.670000076293945,12.670000076293945
13-05-2020,11.539999961853027,12.369999885559082,395000.0,12.789999961853027,11.850000381469727,11.850000381469727
14-05-2020,11.055000305175781,11.5600004196167,230800.0,11.9399995803833,11.9399995803833,11.9399995803833
15-05-2020,11.770000457763672,11.989999771118164,214700.0,12.680000305175781,12.449999809265137,12.449999809265137
18-05-2020,12.75,13.0,258600.0,13.239999771118164,13.119999885559082,13.119999885559082
19-05-2020,12.920000076293945,12.920000076293945,100000.0,13.479999542236328,13.010000228881836,13.010000228881836
20-05-2020,13.279999732971191,13.279999732971191,170400.0,13.979999542236328,13.729999542236328,13.729999542236328
21-05-2020,13.699999809265137,13.8100004196167,163800.0,14.09000015258789,13.859999656677246,13.859999656677246
22-05-2020,13.109999656677246,14.0,126300.0,14.0,13.65999984741211,13.65999984741211
26-05-2020,13.899999618530273,14.289999961853027,230800.0,14.380000114440918,14.170000076293945,14.170000076293945
27-05-2020,14.010000228881836,14.4399995803833,137100.0,14.75,14.729999542236328,14.729999542236328
28-05-2020,13.850000381469727,15.170000076293945,249700.0,15.319999694824219,14.180000305175781,14.180000305175781
29-05-2020,13.399999618530273,13.890000343322754,233500.0,14.20300006866455,13.6899995803833,13.6899995803833
01-06-2020,13.75,13.829999923706055,194000.0,14.489999771118164,13.890000343322754,13.890000343322754
02-06-2020,13.789999961853027,14.0,133400.0,14.550000190734863,14.369999885559082,14.369999885559082
03-06-2020,14.59000015258789,14.710000038146973,181600.0,15.0,14.869999885559082,14.869999885559082
04-06-2020,14.609999656677246,14.609999656677246,102900.0,15.229999542236328,14.8100004196167,14.8100004196167
05-06-2020,15.430000305175781,15.600000381469727,224100.0,16.06999969482422,15.8100004196167,15.8100004196167
08-06-2020,15.829999923706055,16.1200008392334,268600.0,16.34000015258789,16.260000228881836,16.260000228881836
09-06-2020,15.199999809265137,15.899999618530273,156400.0,16.145000457763672,15.229999542236328,15.229999542236328
10-06-2020,14.569999694824219,15.199999809265137,129500.0,15.25,14.699999809265137,14.699999809265137
11-06-2020,11.3100004196167,13.229999542236328,3326500.0,13.229999542236328,11.9399995803833,11.9399995803833
12-06-2020,11.630000114440918,12.489999771118164,1735800.0,12.5,12.329999923706055,12.329999923706055
15-06-2020,11.850000381469727,11.850000381469727,806600.0,12.510000228881836,12.369999885559082,12.369999885559082
16-06-2020,11.824999809265137,12.989999771118164,620300.0,12.989999771118164,11.989999771118164,11.989999771118164
17-06-2020,11.569999694824219,11.979999542236328,409300.0,12.229999542236328,11.869999885559082,11.869999885559082
18-06-2020,11.020000457763672,11.670000076293945,857900.0,11.739999771118164,11.399999618530273,11.399999618530273
19-06-2020,11.270000457763672,11.520000457763672,945800.0,11.84000015258789,11.550000190734863,11.550000190734863
22-06-2020,10.890000343322754,11.430000305175781,761100.0,11.480999946594238,11.09000015258789,11.09000015258789
23-06-2020,11.020000457763672,11.270000457763672,538100.0,11.449999809265137,11.359999656677246,11.359999656677246
24-06-2020,10.760000228881836,11.170000076293945,361700.0,11.359999656677246,10.859999656677246,10.859999656677246
25-06-2020,10.369999885559082,10.75,451800.0,10.850000381469727,10.819999694824219,10.819999694824219
26-06-2020,10.579999923706055,10.649999618530273,717200.0,11.050000190734863,10.800000190734863,10.800000190734863
29-06-2020,10.989999771118164,11.079999923706055,635300.0,11.510000228881836,11.279999732971191,11.279999732971191
30-06-2020,11.050000190734863,11.319999694824219,555000.0,11.460000038146973,11.199999809265137,11.199999809265137
01-07-2020,11.229999542236328,11.239999771118164,381700.0,11.649999618530273,11.399999618530273,11.399999618530273
02-07-2020,11.430000305175781,11.680000305175781,615000.0,12.050000190734863,11.489999771118164,11.489999771118164
06-07-2020,11.545000076293945,11.789999961853027,646100.0,12.029999732971191,11.619999885559082,11.619999885559082
07-07-2020,11.0,11.479999542236328,456400.0,11.680000305175781,11.020000457763672,11.020000457763672
08-07-2020,10.520000457763672,11.0,396900.0,11.109999656677246,11.029999732971191,11.029999732971191
09-07-2020,10.380000114440918,10.979999542236328,386300.0,10.979999542236328,10.489999771118164,10.489999771118164
10-07-2020,10.460000038146973,10.479999542236328,869100.0,10.970000267028809,10.75,10.75
13-07-2020,10.5,10.859999656677246,627700.0,11.109999656677246,10.850000381469727,10.850000381469727
14-07-2020,10.640000343322754,10.779999732971191,492100.0,11.15999984741211,10.989999771118164,10.989999771118164
15-07-2020,11.399999618530273,11.399999618530273,423800.0,11.880000114440918,11.75,11.75
16-07-2020,11.510000228881836,11.6899995803833,341600.0,11.949999809265137,11.920000076293945,11.920000076293945
17-07-2020,11.819999694824219,11.9399995803833,330000.0,12.170000076293945,11.949999809265137,11.949999809265137
20-07-2020,11.4350004196167,11.829999923706055,229900.0,11.949999809265137,11.670000076293945,11.670000076293945
21-07-2020,11.699999809265137,11.789999961853027,315700.0,12.119999885559082,11.989999771118164,11.989999771118164
22-07-2020,11.479999542236328,11.949999809265137,266800.0,12.130000114440918,11.84000015258789,11.84000015258789
23-07-2020,11.8100004196167,11.819999694824219,320900.0,12.300000190734863,12.100000381469727,12.100000381469727
24-07-2020,11.710000038146973,12.079999923706055,247000.0,12.180000305175781,11.720000267028809,11.720000267028809
27-07-2020,11.595000267028809,11.699999809265137,287000.0,11.899999618530273,11.829999923706055,11.829999923706055
28-07-2020,11.510000228881836,11.739999771118164,206700.0,11.890000343322754,11.65999984741211,11.65999984741211
29-07-2020,11.710000038146973,11.710000038146973,237600.0,12.1899995803833,12.180000305175781,12.180000305175781
30-07-2020,11.880000114440918,11.920000076293945,335700.0,12.329999923706055,12.149999618530273,12.149999618530273
31-07-2020,11.711999893188477,12.050000190734863,294500.0,12.140000343322754,12.119999885559082,12.119999885559082
03-08-2020,12.109999656677246,12.289999961853027,553400.0,12.390000343322754,12.25,12.25
04-08-2020,12.109999656677246,12.109999656677246,294500.0,12.420000076293945,12.270000457763672,12.270000457763672
05-08-2020,11.859999656677246,12.779999732971191,624500.0,12.779999732971191,12.239999771118164,12.239999771118164
06-08-2020,12.289999961853027,12.289999961853027,1111000.0,13.170000076293945,12.510000228881836,12.510000228881836
07-08-2020,12.449999809265137,12.449999809265137,389000.0,13.020000457763672,12.84000015258789,12.84000015258789
10-08-2020,12.789999961853027,12.869999885559082,206200.0,13.270000457763672,13.029999732971191,13.029999732971191
11-08-2020,13.149999618530273,13.260000228881836,691600.0,13.428999900817871,13.25,13.25
12-08-2020,12.75,13.479999542236328,165200.0,13.489999771118164,12.760000228881836,12.760000228881836
13-08-2020,12.039999961853027,12.859999656677246,315400.0,12.859999656677246,12.40999984741211,12.40999984741211
14-08-2020,12.220000267028809,12.220000267028809,174700.0,12.649999618530273,12.449999809265137,12.449999809265137
17-08-2020,11.96500015258789,12.420000076293945,205200.0,12.420000076293945,12.239999771118164,12.239999771118164
18-08-2020,12.050000190734863,12.1899995803833,181100.0,12.3100004196167,12.100000381469727,12.100000381469727
19-08-2020,11.970000267028809,12.069999694824219,159600.0,12.229999542236328,12.180000305175781,12.180000305175781
20-08-2020,11.970000267028809,11.970000267028809,84700.0,12.270000457763672,12.15999984741211,12.15999984741211
21-08-2020,11.899999618530273,12.130000114440918,139000.0,12.239999771118164,12.0,12.0
24-08-2020,12.029999732971191,12.180000305175781,230800.0,12.5600004196167,12.529999732971191,12.529999732971191
25-08-2020,12.289999961853027,12.569999694824219,241400.0,12.59000015258789,12.510000228881836,12.510000228881836
26-08-2020,12.3100004196167,12.5,281400.0,12.760000228881836,12.3100004196167,12.3100004196167
27-08-2020,12.1899995803833,12.399999618530273,153100.0,12.569999694824219,12.3100004196167,12.3100004196167
28-08-2020,12.109999656677246,12.40999984741211,191100.0,12.670000076293945,12.579999923706055,12.579999923706055
31-08-2020,12.199999809265137,12.510000228881836,313900.0,12.510000228881836,12.279999732971191,12.279999732971191
01-09-2020,12.170000076293945,12.170000076293945,227200.0,12.930000305175781,12.920000076293945,12.920000076293945
02-09-2020,12.770000457763672,12.949999809265137,282500.0,13.199999809265137,13.149999618530273,13.149999618530273
03-09-2020,12.619999885559082,13.1899995803833,579600.0,13.359999656677246,12.6899995803833,12.6899995803833
04-09-2020,12.289999961853027,12.899999618530273,166400.0,13.010000228881836,12.460000038146973,12.460000038146973
08-09-2020,11.899999618530273,12.270000457763672,177300.0,12.270000457763672,11.899999618530273,11.899999618530273
09-09-2020,11.869999885559082,12.0,121300.0,12.260000228881836,12.140000343322754,12.140000343322754
10-09-2020,11.420000076293945,12.25,302800.0,12.312000274658203,11.510000228881836,11.510000228881836
11-09-2020,11.270000457763672,11.609999656677246,135900.0,11.710000038146973,11.369999885559082,11.369999885559082
14-09-2020,11.420000076293945,11.529999732971191,229900.0,11.979999542236328,11.979999542236328,11.979999542236328
15-09-2020,11.920000076293945,12.199999809265137,195600.0,12.319999694824219,12.119999885559082,12.119999885559082
16-09-2020,12.0600004196167,12.149999618530273,420200.0,12.3100004196167,12.140000343322754,12.140000343322754
17-09-2020,11.875,11.989999771118164,250700.0,12.329999923706055,12.239999771118164,12.239999771118164
18-09-2020,12.079999923706055,12.359999656677246,1454900.0,12.550000190734863,12.15999984741211,12.15999984741211
21-09-2020,10.930000305175781,11.75,233300.0,11.800000190734863,11.100000381469727,11.100000381469727
22-09-2020,10.970000267028809,11.0600004196167,514100.0,11.989999771118164,11.989999771118164,11.989999771118164
23-09-2020,11.640000343322754,11.90999984741211,411000.0,12.359999656677246,11.65999984741211,11.65999984741211
24-09-2020,11.5600004196167,11.770000457763672,145600.0,11.979999542236328,11.699999809265137,11.699999809265137
25-09-2020,11.539999961853027,11.539999961853027,204200.0,11.949999809265137,11.819999694824219,11.819999694824219
28-09-2020,12.010000228881836,12.029999732971191,167100.0,12.279999732971191,12.079999923706055,12.079999923706055
29-09-2020,11.699999809265137,12.149999618530273,167500.0,12.210000038146973,11.899999618530273,11.899999618530273
30-09-2020,11.359999656677246,11.84000015258789,264100.0,12.25,11.399999618530273,11.399999618530273
01-10-2020,11.34000015258789,11.359999656677246,244700.0,12.069999694824219,12.039999961853027,12.039999961853027
02-10-2020,11.649999618530273,11.8100004196167,290400.0,12.65999984741211,12.579999923706055,12.579999923706055
05-10-2020,12.640000343322754,12.640000343322754,309600.0,12.989999771118164,12.880000114440918,12.880000114440918
06-10-2020,12.640000343322754,13.0,407500.0,13.300000190734863,13.0,13.0
07-10-2020,13.210000038146973,13.289999961853027,448600.0,13.635000228881836,13.420000076293945,13.420000076293945
08-10-2020,13.350000381469727,13.729999542236328,530200.0,13.979999542236328,13.479999542236328,13.479999542236328
09-10-2020,13.020000457763672,13.569999694824219,145800.0,13.625,13.199999809265137,13.199999809265137
12-10-2020,13.130000114440918,13.289999961853027,110300.0,13.479999542236328,13.420000076293945,13.420000076293945
13-10-2020,13.010000228881836,13.279999732971191,116200.0,13.430000305175781,13.359999656677246,13.359999656677246
14-10-2020,13.069999694824219,13.470000267028809,191100.0,13.59000015258789,13.069999694824219,13.069999694824219
15-10-2020,12.779999732971191,12.989999771118164,285800.0,13.199999809265137,13.170000076293945,13.170000076293945
16-10-2020,12.989999771118164,13.15999984741211,238700.0,13.420000076293945,13.359999656677246,13.359999656677246
19-10-2020,12.789999961853027,13.5,361700.0,13.649999618530273,12.90999984741211,12.90999984741211
20-10-2020,12.930000305175781,13.0600004196167,412500.0,13.329999923706055,12.949999809265137,12.949999809265137
21-10-2020,12.640000343322754,12.880000114440918,182200.0,13.050000190734863,12.850000381469727,12.850000381469727
22-10-2020,12.633000373840332,12.989999771118164,529400.0,13.329999923706055,13.239999771118164,13.239999771118164
23-10-2020,12.920000076293945,13.40999984741211,261000.0,13.460000038146973,12.9399995803833,12.9399995803833
26-10-2020,12.510000228881836,12.75,256100.0,12.90999984741211,12.829999923706055,12.829999923706055
27-10-2020,12.300000190734863,12.75,174600.0,12.862000465393066,12.4399995803833,12.4399995803833
28-10-2020,11.805000305175781,12.09000015258789,264600.0,12.385000228881836,12.029999732971191,12.029999732971191
29-10-2020,11.890000343322754,11.979999542236328,648200.0,12.40999984741211,12.220000267028809,12.220000267028809
30-10-2020,11.899999618530273,12.079999923706055,691100.0,12.329999923706055,12.229999542236328,12.229999542236328
02-11-2020,12.289999961853027,12.390000343322754,521200.0,13.5,13.15999984741211,13.15999984741211
03-11-2020,12.90999984741211,13.4399995803833,383400.0,13.5,13.170000076293945,13.170000076293945
04-11-2020,12.1899995803833,12.800000190734863,203300.0,13.010000228881836,12.510000228881836,12.510000228881836
05-11-2020,12.65999984741211,12.670000076293945,167100.0,13.34000015258789,13.119999885559082,13.119999885559082
06-11-2020,12.805000305175781,13.239999771118164,115300.0,13.25,12.850000381469727,12.850000381469727
09-11-2020,13.350000381469727,13.979999542236328,431800.0,14.430000305175781,13.9399995803833,13.9399995803833
10-11-2020,13.84000015258789,14.0,394400.0,14.5600004196167,14.34000015258789,14.34000015258789
11-11-2020,13.729999542236328,14.449999809265137,268700.0,14.539999961853027,14.100000381469727,14.100000381469727
12-11-2020,13.470000267028809,13.90999984741211,278700.0,14.142999649047852,13.579999923706055,13.579999923706055
13-11-2020,13.760000228881836,13.819999694824219,135300.0,14.420000076293945,14.380000114440918,14.380000114440918
16-11-2020,14.479999542236328,14.8100004196167,229200.0,15.039999961853027,14.720000267028809,14.720000267028809
17-11-2020,14.199999809265137,14.600000381469727,242900.0,14.90999984741211,14.680000305175781,14.680000305175781
18-11-2020,13.770000457763672,14.520000457763672,453300.0,15.210000038146973,14.270000457763672,14.270000457763672
19-11-2020,13.25,14.039999961853027,294400.0,14.225000381469727,13.779999732971191,13.779999732971191
20-11-2020,13.609999656677246,13.630000114440918,261500.0,14.199999809265137,14.180000305175781,14.180000305175781
23-11-2020,13.960000038146973,14.359999656677246,292800.0,14.800000190734863,14.600000381469727,14.600000381469727
24-11-2020,14.680000305175781,14.989999771118164,239200.0,15.0,14.960000038146973,14.960000038146973
25-11-2020,14.520000457763672,14.989999771118164,149400.0,15.050000190734863,14.609999656677246,14.609999656677246
27-11-2020,14.100000381469727,14.5,109200.0,14.670000076293945,14.260000228881836,14.260000228881836
30-11-2020,13.579999923706055,14.130000114440918,191300.0,14.239999771118164,13.640000343322754,13.640000343322754
01-12-2020,13.59000015258789,13.960000038146973,209000.0,14.1899995803833,13.670000076293945,13.670000076293945
02-12-2020,13.46500015258789,13.729999542236328,308500.0,14.109999656677246,13.649999618530273,13.649999618530273
03-12-2020,13.399999618530273,13.880000114440918,269800.0,14.020000457763672,13.420000076293945,13.420000076293945
04-12-2020,13.520000457763672,13.699999809265137,656100.0,13.949999809265137,13.800000190734863,13.800000190734863
07-12-2020,13.449999809265137,13.670000076293945,275700.0,13.774999618530273,13.75,13.75
08-12-2020,13.600000381469727,13.600000381469727,244600.0,13.960000038146973,13.84000015258789,13.84000015258789
09-12-2020,13.510000228881836,13.960000038146973,211900.0,14.149999618530273,13.699999809265137,13.699999809265137
10-12-2020,13.260000228881836,13.510000228881836,228300.0,13.75,13.710000038146973,13.710000038146973
11-12-2020,13.4399995803833,13.569999694824219,197200.0,13.789999961853027,13.470000267028809,13.470000267028809
14-12-2020,13.479999542236328,13.75,326600.0,14.170000076293945,14.079999923706055,14.079999923706055
15-12-2020,13.895000457763672,14.199999809265137,229500.0,14.335000038146973,14.239999771118164,14.239999771118164
16-12-2020,14.140000343322754,14.3100004196167,212400.0,14.380000114440918,14.220000267028809,14.220000267028809
17-12-2020,14.260000228881836,14.260000228881836,271300.0,14.829999923706055,14.789999961853027,14.789999961853027
18-12-2020,14.729999542236328,14.850000381469727,589400.0,14.920000076293945,14.8100004196167,14.8100004196167
21-12-2020,14.069999694824219,14.420000076293945,187800.0,14.600000381469727,14.260000228881836,14.260000228881836
22-12-2020,14.020000457763672,14.220000267028809,676100.0,14.960000038146973,14.8100004196167,14.8100004196167
23-12-2020,14.746000289916992,14.979999542236328,131100.0,15.119999885559082,14.8100004196167,14.8100004196167
24-12-2020,14.670000076293945,14.819999694824219,66800.0,15.109999656677246,14.90999984741211,14.90999984741211
28-12-2020,14.67300033569336,15.039999961853027,165600.0,15.100000381469727,14.989999771118164,14.989999771118164
29-12-2020,14.800000190734863,15.130000114440918,455500.0,15.130000114440918,15.039999961853027,15.039999961853027
30-12-2020,14.880000114440918,15.079999923706055,202100.0,15.239999771118164,14.930000305175781,14.930000305175781
31-12-2020,14.680000305175781,14.84000015258789,199800.0,15.1899995803833,15.119999885559082,15.119999885559082
04-01-2021,14.819999694824219,15.239999771118164,593300.0,15.239999771118164,14.960000038146973,14.960000038146973
05-01-2021,14.859999656677246,14.859999656677246,235100.0,15.149999618530273,14.90999984741211,14.90999984741211
06-01-2021,15.260000228881836,15.260000228881836,202300.0,15.899999618530273,15.720000267028809,15.720000267028809
07-01-2021,15.579999923706055,15.8100004196167,170200.0,16.0,15.729999542236328,15.729999542236328
08-01-2021,15.369999885559082,15.819999694824219,215100.0,15.819999694824219,15.65999984741211,15.65999984741211
11-01-2021,15.350000381469727,15.4399995803833,180100.0,15.770000457763672,15.489999771118164,15.489999771118164
12-01-2021,15.479999542236328,15.479999542236328,297300.0,15.989999771118164,15.819999694824219,15.819999694824219
13-01-2021,15.395000457763672,15.779999732971191,239400.0,15.899999618530273,15.59000015258789,15.59000015258789
14-01-2021,15.635000228881836,15.6899995803833,225000.0,15.930000305175781,15.65999984741211,15.65999984741211
15-01-2021,14.960000038146973,15.369999885559082,192300.0,15.420000076293945,15.180000305175781,15.180000305175781
19-01-2021,15.130000114440918,15.420000076293945,215200.0,15.449999809265137,15.300000190734863,15.300000190734863
20-01-2021,15.350000381469727,15.350000381469727,134800.0,15.739999771118164,15.670000076293945,15.670000076293945
21-01-2021,15.5600004196167,15.770000457763672,333900.0,15.979999542236328,15.84000015258789,15.84000015258789
22-01-2021,15.529999732971191,15.619999885559082,356000.0,16.1299991607666,16.110000610351562,16.110000610351562
25-01-2021,15.529999732971191,16.010000228881836,448700.0,16.270000457763672,16.110000610351562,16.110000610351562
26-01-2021,15.739999771118164,16.209999084472656,389000.0,16.299999237060547,15.770000457763672,15.770000457763672
27-01-2021,15.170000076293945,15.399999618530273,421900.0,15.609999656677246,15.449999809265137,15.449999809265137
28-01-2021,15.1899995803833,15.630000114440918,214400.0,15.729999542236328,15.229999542236328,15.229999542236328
29-01-2021,14.15999984741211,15.1899995803833,310700.0,15.1899995803833,14.180000305175781,14.180000305175781
01-02-2021,14.239999771118164,14.489999771118164,172200.0,14.699999809265137,14.510000228881836,14.510000228881836
02-02-2021,14.524999618530273,14.739999771118164,261200.0,15.140000343322754,15.09000015258789,15.09000015258789
03-02-2021,14.739999771118164,15.010000228881836,202200.0,15.220000267028809,15.210000038146973,15.210000038146973
04-02-2021,14.100000381469727,15.380000114440918,723200.0,15.819999694824219,14.609999656677246,14.609999656677246
05-02-2021,14.649999618530273,14.880000114440918,177700.0,15.3100004196167,15.050000190734863,15.050000190734863
08-02-2021,15.024999618530273,15.119999885559082,185300.0,15.260000228881836,15.220000267028809,15.220000267028809
09-02-2021,14.970000267028809,15.319999694824219,232800.0,15.319999694824219,15.069999694824219,15.069999694824219
10-02-2021,15.130000114440918,15.390000343322754,248500.0,15.489999771118164,15.130000114440918,15.130000114440918
11-02-2021,14.90999984741211,15.170000076293945,423300.0,15.34000015258789,15.300000190734863,15.300000190734863
12-02-2021,15.210000038146973,15.210000038146973,124200.0,15.725000381469727,15.710000038146973,15.710000038146973
16-02-2021,15.229999542236328,15.829999923706055,222300.0,15.829999923706055,15.270000457763672,15.270000457763672
17-02-2021,14.880000114440918,15.079999923706055,216700.0,15.460000038146973,15.279999732971191,15.279999732971191
18-02-2021,15.09000015258789,15.1899995803833,336600.0,15.520000457763672,15.300000190734863,15.300000190734863
19-02-2021,15.210000038146973,15.270000457763672,186100.0,15.880000114440918,15.859999656677246,15.859999656677246
22-02-2021,15.710000038146973,15.760000228881836,299200.0,16.469999313354492,16.40999984741211,16.40999984741211
23-02-2021,16.312000274658203,16.34000015258789,199300.0,16.729999542236328,16.510000228881836,16.510000228881836
24-02-2021,16.43000030517578,16.5,331000.0,17.149999618530273,17.09000015258789,17.09000015258789
25-02-2021,16.200000762939453,17.0,198300.0,17.0,16.219999313354492,16.219999313354492
26-02-2021,15.350000381469727,16.18000030517578,506700.0,16.18000030517578,15.90999984741211,15.90999984741211
01-03-2021,16.100000381469727,16.18000030517578,172400.0,16.469999313354492,16.209999084472656,16.209999084472656
02-03-2021,15.899999618530273,16.219999313354492,104000.0,16.229999542236328,15.899999618530273,15.899999618530273
03-03-2021,15.859999656677246,15.859999656677246,354600.0,16.559999465942383,16.260000228881836,16.260000228881836
04-03-2021,15.720000267028809,16.469999313354492,318400.0,16.549999237060547,15.9399995803833,15.9399995803833
05-03-2021,15.84000015258789,16.309999465942383,334800.0,16.59000015258789,16.530000686645508,16.530000686645508
08-03-2021,16.56999969482422,16.709999084472656,339700.0,17.3799991607666,17.200000762939453,17.200000762939453
09-03-2021,17.049999237060547,17.34000015258789,359500.0,17.34000015258789,17.170000076293945,17.170000076293945
10-03-2021,16.93000030517578,17.219999313354492,308400.0,17.440000534057617,17.3700008392334,17.3700008392334
11-03-2021,17.100000381469727,17.5,315800.0,17.5,17.360000610351562,17.360000610351562
12-03-2021,17.290000915527344,17.3799991607666,468200.0,17.889999389648438,17.8700008392334,17.8700008392334
15-03-2021,17.530000686645508,17.90999984741211,208100.0,18.040000915527344,17.780000686645508,17.780000686645508
16-03-2021,16.920000076293945,17.809999465942383,156300.0,17.809999465942383,17.219999313354492,17.219999313354492
17-03-2021,16.979999542236328,17.239999771118164,96500.0,17.290000915527344,17.239999771118164,17.239999771118164
18-03-2021,17.0,17.149999618530273,164800.0,17.59000015258789,17.229999542236328,17.229999542236328
19-03-2021,16.579999923706055,17.479999542236328,517500.0,17.479999542236328,16.979999542236328,16.979999542236328
22-03-2021,16.559999465942383,16.920000076293945,155900.0,17.020000457763672,16.700000762939453,16.700000762939453
23-03-2021,16.06999969482422,16.510000228881836,363000.0,17.020000457763672,16.260000228881836,16.260000228881836
24-03-2021,16.31999969482422,16.420000076293945,148600.0,17.06999969482422,16.329999923706055,16.329999923706055
25-03-2021,16.06999969482422,16.219999313354492,245000.0,16.84000015258789,16.799999237060547,16.799999237060547
26-03-2021,16.75,17.049999237060547,176800.0,17.209999084472656,17.209999084472656,17.209999084472656
29-03-2021,16.479999542236328,17.100000381469727,174600.0,17.239999771118164,16.579999923706055,16.579999923706055
30-03-2021,16.489999771118164,16.56999969482422,290600.0,17.049999237060547,16.940000534057617,16.940000534057617
31-03-2021,16.84000015258789,16.90999984741211,216200.0,17.1200008392334,16.8700008392334,16.8700008392334
01-04-2021,16.8700008392334,16.940000534057617,219300.0,17.540000915527344,17.540000915527344,17.540000915527344
05-04-2021,17.3700008392334,17.770000457763672,196200.0,17.770000457763672,17.75,17.75
06-04-2021,17.489999771118164,17.799999237060547,132200.0,18.100000381469727,17.610000610351562,17.610000610351562
07-04-2021,17.270000457763672,17.600000381469727,163300.0,17.75,17.440000534057617,17.440000534057617
08-04-2021,17.350000381469727,17.5,482100.0,18.010000228881836,17.959999084472656,17.959999084472656
09-04-2021,17.760000228881836,17.979999542236328,184800.0,18.25,18.190000534057617,18.190000534057617
12-04-2021,18.049999237060547,18.25,184000.0,18.3700008392334,18.360000610351562,18.360000610351562
13-04-2021,17.81999969482422,18.270000457763672,212000.0,18.530000686645508,18.100000381469727,18.100000381469727
14-04-2021,17.8700008392334,17.959999084472656,218400.0,18.545000076293945,18.389999389648438,18.389999389648438
15-04-2021,18.06999969482422,18.350000381469727,186000.0,18.610000610351562,18.579999923706055,18.579999923706055
16-04-2021,18.399999618530273,18.799999237060547,252000.0,18.98699951171875,18.510000228881836,18.510000228881836
19-04-2021,17.989999771118164,18.610000610351562,501300.0,18.760000228881836,18.299999237060547,18.299999237060547
20-04-2021,17.899999618530273,18.229999542236328,308200.0,18.510000228881836,17.950000762939453,17.950000762939453
21-04-2021,17.6200008392334,17.899999618530273,203300.0,18.18000030517578,18.079999923706055,18.079999923706055
22-04-2021,17.780000686645508,18.18000030517578,171800.0,18.260000228881836,17.809999465942383,17.809999465942383
23-04-2021,17.829999923706055,17.920000076293945,398100.0,18.18000030517578,18.040000915527344,18.040000915527344
26-04-2021,17.969999313354492,18.190000534057617,112700.0,18.395000457763672,18.0,18.0
27-04-2021,17.920000076293945,17.93000030517578,155800.0,18.1200008392334,18.079999923706055,18.079999923706055
28-04-2021,17.860000610351562,18.010000228881836,383000.0,18.34000015258789,18.1299991607666,18.1299991607666
29-04-2021,18.280000686645508,18.3799991607666,923400.0,19.100000381469727,18.739999771118164,18.739999771118164
30-04-2021,17.850000381469727,18.5,298300.0,18.700000762939453,17.93000030517578,17.93000030517578
03-05-2021,17.920000076293945,18.1299991607666,135200.0,18.34000015258789,18.270000457763672,18.270000457763672
04-05-2021,17.959999084472656,17.969999313354492,405600.0,18.399999618530273,18.290000915527344,18.290000915527344
05-05-2021,18.010000228881836,18.3799991607666,124400.0,18.3799991607666,18.170000076293945,18.170000076293945
06-05-2021,17.059999465942383,18.290000915527344,217700.0,18.290000915527344,17.75,17.75
07-05-2021,17.899999618530273,18.329999923706055,522000.0,19.170000076293945,18.729999542236328,18.729999542236328
10-05-2021,18.34000015258789,18.829999923706055,258500.0,18.959999084472656,18.420000076293945,18.420000076293945
11-05-2021,17.618999481201172,18.020000457763672,204700.0,18.239999771118164,17.75,17.75
12-05-2021,16.979999542236328,17.690000534057617,173400.0,17.739999771118164,17.040000915527344,17.040000915527344
13-05-2021,17.09000015258789,17.09000015258789,240600.0,17.565000534057617,17.389999389648438,17.389999389648438
14-05-2021,17.389999389648438,17.540000915527344,217200.0,17.760000228881836,17.670000076293945,17.670000076293945
17-05-2021,17.280000686645508,17.459999084472656,256100.0,17.739999771118164,17.729999542236328,17.729999542236328
18-05-2021,17.549999237060547,17.81999969482422,160300.0,18.024999618530273,17.559999465942383,17.559999465942383
19-05-2021,17.139999389648438,17.299999237060547,120100.0,17.520000457763672,17.510000228881836,17.510000228881836
20-05-2021,17.219999313354492,17.469999313354492,167500.0,17.469999313354492,17.3700008392334,17.3700008392334
21-05-2021,17.350000381469727,17.579999923706055,188000.0,17.639999389648438,17.479999542236328,17.479999542236328
24-05-2021,17.34000015258789,17.5,123500.0,17.600000381469727,17.3799991607666,17.3799991607666
25-05-2021,16.959999084472656,17.469999313354492,145500.0,17.6200008392334,16.959999084472656,16.959999084472656
26-05-2021,16.989999771118164,17.110000610351562,205600.0,17.190000534057617,17.1299991607666,17.1299991607666
27-05-2021,17.020000457763672,17.3799991607666,306600.0,17.389999389648438,17.290000915527344,17.290000915527344
28-05-2021,17.135000228881836,17.459999084472656,123300.0,17.459999084472656,17.350000381469727,17.350000381469727
01-06-2021,17.280000686645508,17.5,214300.0,17.700000762939453,17.6200008392334,17.6200008392334
02-06-2021,17.229999542236328,17.700000762939453,184200.0,17.700000762939453,17.420000076293945,17.420000076293945
03-06-2021,17.1299991607666,17.34000015258789,126000.0,17.5,17.420000076293945,17.420000076293945
04-06-2021,17.149999618530273,17.510000228881836,153400.0,17.579999923706055,17.530000686645508,17.530000686645508
07-06-2021,17.420000076293945,17.579999923706055,110400.0,17.604999542236328,17.489999771118164,17.489999771118164
08-06-2021,17.479999542236328,17.559999465942383,108000.0,17.829999923706055,17.780000686645508,17.780000686645508
09-06-2021,17.43000030517578,17.860000610351562,160600.0,17.90999984741211,17.510000228881836,17.510000228881836
10-06-2021,17.360000610351562,17.65999984741211,96800.0,17.719999313354492,17.469999313354492,17.469999313354492
11-06-2021,17.3700008392334,17.510000228881836,159900.0,17.645000457763672,17.459999084472656,17.459999084472656
14-06-2021,17.18000030517578,17.540000915527344,92500.0,17.540000915527344,17.219999313354492,17.219999313354492
15-06-2021,17.149999618530273,17.260000228881836,84400.0,17.280000686645508,17.280000686645508,17.280000686645508
16-06-2021,17.010000228881836,17.489999771118164,193900.0,17.489999771118164,17.190000534057617,17.190000534057617
17-06-2021,16.459999084472656,17.389999389648438,123400.0,17.40999984741211,16.530000686645508,16.530000686645508
18-06-2021,15.71500015258789,16.209999084472656,404900.0,16.270000457763672,15.859999656677246,15.859999656677246
21-06-2021,16.010000228881836,16.010000228881836,255600.0,16.399999618530273,16.34000015258789,16.34000015258789
22-06-2021,16.0,16.299999237060547,163600.0,16.6200008392334,16.600000381469727,16.600000381469727
23-06-2021,16.469999313354492,16.600000381469727,132600.0,16.790000915527344,16.520000457763672,16.520000457763672
24-06-2021,16.450000762939453,16.530000686645508,114700.0,16.799999237060547,16.780000686645508,16.780000686645508
25-06-2021,16.780000686645508,16.850000381469727,365200.0,16.979999542236328,16.799999237060547,16.799999237060547
28-06-2021,16.100000381469727,16.739999771118164,149500.0,16.739999771118164,16.299999237060547,16.299999237060547
29-06-2021,16.18000030517578,16.31999969482422,112400.0,16.378999710083008,16.190000534057617,16.190000534057617
30-06-2021,16.0,16.1299991607666,173200.0,16.290000915527344,16.1200008392334,16.1200008392334
01-07-2021,16.21500015258789,16.309999465942383,103700.0,16.6200008392334,16.530000686645508,16.530000686645508
02-07-2021,16.280000686645508,16.5,103000.0,16.5,16.40999984741211,16.40999984741211
06-07-2021,15.944999694824219,16.360000610351562,85300.0,16.360000610351562,16.110000610351562,16.110000610351562
07-07-2021,15.960000038146973,16.0,578600.0,16.229999542236328,16.1200008392334,16.1200008392334
08-07-2021,15.59000015258789,15.770000457763672,245800.0,16.059999465942383,15.859999656677246,15.859999656677246
09-07-2021,16.0,16.049999237060547,452000.0,16.600000381469727,16.360000610351562,16.360000610351562
12-07-2021,16.1200008392334,16.3700008392334,285700.0,16.420000076293945,16.329999923706055,16.329999923706055
13-07-2021,15.65999984741211,16.309999465942383,409300.0,16.34000015258789,15.720000267028809,15.720000267028809
14-07-2021,15.600000381469727,15.829999923706055,145800.0,15.979999542236328,15.65999984741211,15.65999984741211
15-07-2021,15.4350004196167,15.539999961853027,195700.0,15.760000228881836,15.699999809265137,15.699999809265137
16-07-2021,15.3100004196167,15.899999618530273,129600.0,15.949999809265137,15.380000114440918,15.380000114440918
19-07-2021,14.649999618530273,15.020000457763672,240900.0,15.079999923706055,14.859999656677246,14.859999656677246
20-07-2021,14.800000190734863,14.90999984741211,452300.0,15.675000190734863,15.430000305175781,15.430000305175781
21-07-2021,15.600000381469727,15.600000381469727,105400.0,15.930000305175781,15.75,15.75
22-07-2021,15.300000190734863,15.609999656677246,98700.0,15.609999656677246,15.40999984741211,15.40999984741211
23-07-2021,15.380000114440918,15.579999923706055,121100.0,15.739999771118164,15.609999656677246,15.609999656677246
26-07-2021,15.670000076293945,15.729999542236328,112300.0,15.970000267028809,15.869999885559082,15.869999885559082
27-07-2021,15.59000015258789,15.680000305175781,111500.0,15.989999771118164,15.75,15.75
28-07-2021,15.460000038146973,15.850000381469727,216500.0,15.9399995803833,15.850000381469727,15.850000381469727
29-07-2021,15.9399995803833,16.09000015258789,77800.0,16.209999084472656,15.960000038146973,15.960000038146973
30-07-2021,15.779999732971191,15.920000076293945,166200.0,16.309999465942383,16.030000686645508,16.030000686645508
02-08-2021,,,,,,
03-08-2021,15.6899995803833,15.880000114440918,182700.0,16.290000915527344,16.110000610351562,16.110000610351562
04-08-2021,15.510000228881836,15.949999809265137,22130000.0,16.200000762939453,15.550000190734863,15.550000190734863
05-08-2021,14.5600004196167,15.329999923706055,33560000.0,15.425000190734863,15.050000190734863,15.050000190734863
06-08-2021,14.90999984741211,15.010000228881836,26580000.0,15.329999923706055,15.289999961853027,15.289999961853027
09-08-2021,14.670000076293945,15.119999885559082,22180000.0,15.180000305175781,14.670000076293945,14.670000076293945
10-08-2021,14.09000015258789,14.710000038146973,58170000.0,14.710000038146973,14.25,14.25
11-08-2021,13.880000114440918,14.3100004196167,34470000.0,14.654999732971191,14.609999656677246,14.609999656677246
12-08-2021,14.149999618530273,14.520000457763672,12960000.0,14.630000114440918,14.1899995803833,14.1899995803833
13-08-2021,13.800000190734863,14.119999885559082,12640000.0,14.210000038146973,13.979999542236328,13.979999542236328
16-08-2021,13.6899995803833,13.859999656677246,13360000.0,14.057999610900879,13.800000190734863,13.800000190734863
17-08-2021,13.510000228881836,13.619999885559082,18280000.0,14.149999618530273,13.899999618530273,13.899999618530273
18-08-2021,13.75,13.869999885559082,20380000.0,14.130000114440918,13.920000076293945,13.920000076293945
19-08-2021,13.699999809265137,13.710000038146973,26230000.0,13.930000305175781,13.800000190734863,13.800000190734863
20-08-2021,13.779999732971191,13.779999732971191,16420000.0,14.350000381469727,14.319999694824219,14.319999694824219
23-08-2021,14.319999694824219,14.4399995803833,11290000.0,14.550000190734863,14.449999809265137,14.449999809265137
24-08-2021,14.4399995803833,14.489999771118164,16800000.0,14.699999809265137,14.5,14.5
25-08-2021,14.460000038146973,14.579999923706055,20800000.0,14.890000343322754,14.520000457763672,14.520000457763672
26-08-2021,14.489999771118164,14.609999656677246,26490000.0,15.010000228881836,14.890000343322754,14.890000343322754
27-08-2021,14.880000114440918,14.880000114440918,22350000.0,15.484999656677246,15.420000076293945,15.420000076293945
30-08-2021,15.039999961853027,15.510000228881836,179407.0,15.510000228881836,15.239999771118164,15.239999771118164
