Date,Low,Open,Volume,High,Close,Adjusted Close
18-06-2012,17.940000534057617,18.040000915527344,318420.0,18.520000457763672,18.350000381469727,18.350000381469727
19-06-2012,18.299999237060547,18.469999313354492,398811.0,18.729999542236328,18.530000686645508,18.530000686645508
20-06-2012,18.350000381469727,18.489999771118164,257505.0,18.76140022277832,18.549999237060547,18.549999237060547
21-06-2012,17.540000915527344,18.530000686645508,403221.0,18.549999237060547,17.579999923706055,17.579999923706055
22-06-2012,17.59000015258789,17.739999771118164,729953.0,18.149999618530273,18.139999389648438,18.139999389648438
25-06-2012,17.329999923706055,17.809999465942383,310610.0,17.850000381469727,17.360000610351562,17.360000610351562
26-06-2012,16.950000762939453,17.329999923706055,325785.0,17.549999237060547,17.399999618530273,17.399999618530273
27-06-2012,17.149999618530273,17.3799991607666,345294.0,17.459999084472656,17.31999969482422,17.31999969482422
28-06-2012,17.170000076293945,17.549999237060547,341247.0,18.100000381469727,17.68000030517578,17.68000030517578
29-06-2012,17.950000762939453,18.149999618530273,411451.0,18.59000015258789,18.489999771118164,18.489999771118164
02-07-2012,18.209999084472656,18.530000686645508,589000.0,18.6200008392334,18.56999969482422,18.56999969482422
03-07-2012,18.411300659179688,18.510000228881836,228153.0,19.18000030517578,19.18000030517578,19.18000030517578
05-07-2012,18.860000610351562,19.079999923706055,435784.0,19.559999465942383,19.270000457763672,19.270000457763672
06-07-2012,18.239999771118164,19.020000457763672,734910.0,19.209999084472656,18.579999923706055,18.579999923706055
09-07-2012,17.950000762939453,18.489999771118164,517755.0,18.639999389648438,18.1299991607666,18.1299991607666
10-07-2012,17.780000686645508,18.18000030517578,775657.0,18.309999465942383,17.959999084472656,17.959999084472656
11-07-2012,17.770000457763672,18.020000457763672,430606.0,18.206199645996094,17.979999542236328,17.979999542236328
12-07-2012,17.219999313354492,17.770000457763672,355892.0,17.859899520874023,17.709999084472656,17.709999084472656
13-07-2012,17.469999313354492,17.709999084472656,297206.0,18.0,17.93000030517578,17.93000030517578
16-07-2012,17.549999237060547,17.81999969482422,336192.0,17.920000076293945,17.6299991607666,17.6299991607666
17-07-2012,17.309999465942383,17.700000762939453,382317.0,17.809999465942383,17.59000015258789,17.59000015258789
18-07-2012,17.450000762939453,17.600000381469727,545036.0,18.65999984741211,18.309999465942383,18.309999465942383
19-07-2012,18.440000534057617,18.479999542236328,470983.0,18.920000076293945,18.530000686645508,18.530000686645508
20-07-2012,17.68000030517578,18.350000381469727,513030.0,18.450000762939453,17.760000228881836,17.760000228881836
23-07-2012,16.709999084472656,17.299999237060547,718430.0,17.479999542236328,17.280000686645508,17.280000686645508
24-07-2012,16.56999969482422,17.420000076293945,741025.0,17.420000076293945,16.700000762939453,16.700000762939453
25-07-2012,16.829999923706055,16.8799991607666,679533.0,17.790000915527344,17.520000457763672,17.520000457763672
26-07-2012,17.479999542236328,17.959999084472656,578833.0,18.399999618530273,18.219999313354492,18.219999313354492
27-07-2012,18.040000915527344,18.3799991607666,615625.0,19.44499969482422,19.3700008392334,19.3700008392334
30-07-2012,18.979999542236328,19.399999618530273,484863.0,19.639999389648438,19.25,19.25
31-07-2012,19.100000381469727,19.15999984741211,425412.0,19.670000076293945,19.360000610351562,19.360000610351562
01-08-2012,18.8799991607666,19.489999771118164,513023.0,19.649999618530273,18.889999389648438,18.889999389648438
02-08-2012,18.75,18.799999237060547,499512.0,19.34000015258789,18.979999542236328,18.979999542236328
03-08-2012,18.969999313354492,19.450000762939453,470975.0,19.690000534057617,19.34000015258789,19.34000015258789
06-08-2012,19.381099700927734,19.40999984741211,418382.0,19.84000015258789,19.739999771118164,19.739999771118164
07-08-2012,19.729999542236328,19.850000381469727,690711.0,20.18000030517578,19.889999389648438,19.889999389648438
08-08-2012,19.389999389648438,19.760000228881836,501509.0,19.989999771118164,19.93000030517578,19.93000030517578
09-08-2012,19.780000686645508,19.889999389648438,581889.0,20.1299991607666,20.100000381469727,20.100000381469727
10-08-2012,19.799999237060547,19.8700008392334,562506.0,20.479999542236328,20.389999389648438,20.389999389648438
13-08-2012,20.190000534057617,20.260000228881836,710965.0,20.5,20.420000076293945,20.420000076293945
14-08-2012,20.200000762939453,20.5,625932.0,20.56999969482422,20.290000915527344,20.290000915527344
15-08-2012,20.09000015258789,20.18000030517578,675218.0,20.760000228881836,20.600000381469727,20.600000381469727
16-08-2012,20.3700008392334,20.530000686645508,301173.0,20.8799991607666,20.81999969482422,20.81999969482422
17-08-2012,20.561599731445312,20.700000762939453,379275.0,20.93000030517578,20.84000015258789,20.84000015258789
20-08-2012,20.269899368286133,20.68000030517578,528822.0,20.809999465942383,20.3799991607666,20.3799991607666
21-08-2012,20.149999618530273,20.420000076293945,328187.0,20.530000686645508,20.229999542236328,20.229999542236328
22-08-2012,19.829999923706055,20.1200008392334,315806.0,20.170000076293945,19.850000381469727,19.850000381469727
23-08-2012,19.639999389648438,19.829999923706055,215772.0,19.8799991607666,19.719999313354492,19.719999313354492
24-08-2012,19.600000381469727,19.709999084472656,255454.0,19.850000381469727,19.639999389648438,19.639999389648438
27-08-2012,19.389999389648438,19.739999771118164,556051.0,19.75,19.559999465942383,19.559999465942383
28-08-2012,19.079999923706055,19.579999923706055,328547.0,20.100000381469727,19.81999969482422,19.81999969482422
29-08-2012,19.670000076293945,19.920000076293945,431373.0,20.18000030517578,20.15999984741211,20.15999984741211
30-08-2012,19.729999542236328,19.959999084472656,151903.0,20.040000915527344,19.829999923706055,19.829999923706055
31-08-2012,19.260000228881836,20.030000686645508,373970.0,20.049999237060547,19.90999984741211,19.90999984741211
04-09-2012,19.290000915527344,19.829999923706055,275588.0,19.93000030517578,19.889999389648438,19.889999389648438
05-09-2012,19.520000457763672,19.799999237060547,506603.0,20.135000228881836,19.889999389648438,19.889999389648438
06-09-2012,19.81999969482422,20.010000228881836,521639.0,20.780000686645508,20.420000076293945,20.420000076293945
07-09-2012,20.092500686645508,20.350000381469727,360449.0,20.5,20.5,20.5
10-09-2012,20.350000381469727,20.469999313354492,279168.0,20.579999923706055,20.43000030517578,20.43000030517578
11-09-2012,20.31999969482422,20.479999542236328,355811.0,20.670000076293945,20.559999465942383,20.559999465942383
12-09-2012,20.360000610351562,20.549999237060547,231200.0,20.75,20.6299991607666,20.6299991607666
13-09-2012,20.450000762939453,20.729999542236328,393669.0,20.75,20.619400024414062,20.619400024414062
14-09-2012,20.64069938659668,20.75,1229093.0,21.84000015258789,21.84000015258789,21.84000015258789
17-09-2012,21.360000610351562,21.790000915527344,357728.0,21.790000915527344,21.649999618530273,21.649999618530273
18-09-2012,21.450000762939453,21.469999313354492,330990.0,21.81999969482422,21.739999771118164,21.739999771118164
19-09-2012,21.503400802612305,21.770000457763672,376473.0,21.80900001525879,21.639999389648438,21.639999389648438
20-09-2012,21.31999969482422,21.399999618530273,255682.0,21.610000610351562,21.3799991607666,21.3799991607666
21-09-2012,21.139999389648438,21.700000762939453,554264.0,21.700000762939453,21.15999984741211,21.15999984741211
24-09-2012,20.860000610351562,21.030000686645508,359607.0,21.3700008392334,21.139999389648438,21.139999389648438
25-09-2012,20.390100479125977,21.15999984741211,366915.0,21.43000030517578,20.43000030517578,20.43000030517578
26-09-2012,19.709999084472656,20.420000076293945,403661.0,20.420000076293945,19.889999389648438,19.889999389648438
27-09-2012,19.799999237060547,19.799999237060547,600867.0,20.600000381469727,20.459999084472656,20.459999084472656
28-09-2012,20.010000228881836,20.299999237060547,253139.0,20.520000457763672,20.06999969482422,20.06999969482422
01-10-2012,19.3700008392334,20.1200008392334,501463.0,20.1200008392334,19.459999084472656,19.459999084472656
02-10-2012,18.979999542236328,19.510000228881836,570886.0,19.579999923706055,19.18000030517578,19.18000030517578
03-10-2012,19.0,19.280000686645508,358498.0,19.436899185180664,19.389999389648438,19.389999389648438
04-10-2012,19.309999465942383,19.559999465942383,458026.0,19.639999389648438,19.549999237060547,19.549999237060547
05-10-2012,18.989999771118164,19.610000610351562,591418.0,19.850000381469727,19.0,19.0
08-10-2012,18.678499221801758,18.940000534057617,234493.0,19.02899932861328,18.799999237060547,18.799999237060547
09-10-2012,18.229999542236328,18.770000457763672,521218.0,18.770000457763672,18.260000228881836,18.260000228881836
10-10-2012,18.079999923706055,18.350000381469727,462336.0,18.46500015258789,18.229999542236328,18.229999542236328
11-10-2012,18.15999984741211,18.469999313354492,242511.0,18.520000457763672,18.200000762939453,18.200000762939453
12-10-2012,17.84000015258789,18.229999542236328,249760.0,18.34000015258789,17.93000030517578,17.93000030517578
15-10-2012,17.850000381469727,18.040000915527344,208599.0,18.219999313354492,18.209999084472656,18.209999084472656
16-10-2012,18.100000381469727,18.309999465942383,475499.0,18.520000457763672,18.459999084472656,18.459999084472656
17-10-2012,18.34000015258789,18.389999389648438,488107.0,19.170000076293945,19.1200008392334,19.1200008392334
18-10-2012,18.920000076293945,19.040000915527344,733292.0,19.239999771118164,19.020000457763672,19.020000457763672
19-10-2012,18.139999389648438,18.81999969482422,660382.0,18.81999969482422,18.530000686645508,18.530000686645508
22-10-2012,18.399999618530273,18.440000534057617,425377.0,18.649999618530273,18.549999237060547,18.549999237060547
23-10-2012,18.19219970703125,18.280000686645508,456010.0,19.020000457763672,18.799999237060547,18.799999237060547
24-10-2012,18.799999237060547,18.969999313354492,273535.0,19.06999969482422,18.8799991607666,18.8799991607666
25-10-2012,18.899999618530273,19.040000915527344,336369.0,19.17140007019043,19.149999618530273,19.149999618530273
26-10-2012,19.049999237060547,19.100000381469727,373466.0,19.440000534057617,19.15999984741211,19.15999984741211
31-10-2012,18.93000030517578,19.139999389648438,300180.0,19.34000015258789,19.200000762939453,19.200000762939453
01-11-2012,19.030000686645508,19.18000030517578,373684.0,19.989999771118164,19.889999389648438,19.889999389648438
02-11-2012,19.280000686645508,19.920000076293945,276225.0,19.93670082092285,19.309999465942383,19.309999465942383
05-11-2012,19.239999771118164,19.280000686645508,348996.0,20.18000030517578,20.079999923706055,20.079999923706055
06-11-2012,19.81999969482422,20.049999237060547,444580.0,20.1299991607666,19.889999389648438,19.889999389648438
07-11-2012,18.520000457763672,19.549999237060547,757683.0,19.626800537109375,18.649999618530273,18.649999618530273
08-11-2012,18.270000457763672,18.68000030517578,866099.0,19.020000457763672,18.62150001525879,18.62150001525879
09-11-2012,17.1200008392334,17.989999771118164,1467484.0,18.360000610351562,17.770000457763672,17.770000457763672
12-11-2012,17.28499984741211,17.81999969482422,386506.0,17.81999969482422,17.68000030517578,17.68000030517578
13-11-2012,17.1299991607666,17.479999542236328,900636.0,17.899999618530273,17.719999313354492,17.719999313354492
14-11-2012,17.459999084472656,17.850000381469727,618941.0,18.0,17.649999618530273,17.649999618530273
15-11-2012,17.489999771118164,17.690000534057617,847673.0,18.100000381469727,17.780000686645508,17.780000686645508
16-11-2012,17.139999389648438,17.729999542236328,418175.0,17.8700008392334,17.510000228881836,17.510000228881836
19-11-2012,17.66200065612793,17.760000228881836,403135.0,18.190000534057617,18.059600830078125,18.059600830078125
20-11-2012,17.81999969482422,17.979999542236328,751477.0,18.739999771118164,17.950000762939453,17.950000762939453
21-11-2012,17.809999465942383,18.0,179093.0,18.189899444580078,17.979999542236328,17.979999542236328
23-11-2012,18.012300491333008,18.100000381469727,126887.0,18.3700008392334,18.350000381469727,18.350000381469727
26-11-2012,18.229999542236328,18.280000686645508,318414.0,18.540000915527344,18.3799991607666,18.3799991607666
27-11-2012,18.209999084472656,18.3700008392334,367959.0,18.540000915527344,18.309999465942383,18.309999465942383
28-11-2012,17.670000076293945,18.229999542236328,408346.0,18.3799991607666,18.3799991607666,18.3799991607666
29-11-2012,18.329999923706055,18.5,409575.0,19.209999084472656,19.209999084472656,19.209999084472656
30-11-2012,19.110000610351562,19.190000534057617,649759.0,19.530000686645508,19.139999389648438,19.139999389648438
03-12-2012,19.31999969482422,19.3799991607666,473903.0,19.579999923706055,19.5,19.5
04-12-2012,19.209999084472656,19.469999313354492,437299.0,19.739999771118164,19.719999313354492,19.719999313354492
05-12-2012,19.59000015258789,19.65999984741211,441124.0,20.110000610351562,20.010000228881836,20.010000228881836
06-12-2012,19.895000457763672,19.979999542236328,349406.0,20.239999771118164,20.010000228881836,20.010000228881836
07-12-2012,19.56999969482422,20.149999618530273,400116.0,20.190000534057617,19.610000610351562,19.610000610351562
10-12-2012,19.549999237060547,19.600000381469727,349475.0,20.149999618530273,20.149999618530273,20.149999618530273
11-12-2012,20.149999618530273,20.329999923706055,408161.0,20.670000076293945,20.65999984741211,20.65999984741211
12-12-2012,20.420000076293945,20.709999084472656,1149103.0,21.020000457763672,20.56999969482422,20.56999969482422
13-12-2012,20.139999389648438,20.559999465942383,417427.0,20.899900436401367,20.309999465942383,20.309999465942383
14-12-2012,19.989900588989258,20.18000030517578,253710.0,20.5,20.25,20.25
17-12-2012,20.260099411010742,20.34000015258789,382362.0,20.6200008392334,20.600000381469727,20.600000381469727
18-12-2012,20.392900466918945,20.729999542236328,555174.0,20.959999084472656,20.959999084472656,20.959999084472656
19-12-2012,20.790000915527344,20.940000534057617,517578.0,21.1200008392334,20.889999389648438,20.889999389648438
20-12-2012,20.665000915527344,20.850000381469727,442332.0,20.979999542236328,20.93000030517578,20.93000030517578
21-12-2012,20.329999923706055,20.65999984741211,1204900.0,20.889999389648438,20.8799991607666,20.8799991607666
24-12-2012,20.602800369262695,20.8799991607666,138168.0,20.8799991607666,20.760000228881836,20.760000228881836
26-12-2012,20.59000015258789,20.780000686645508,286957.0,20.969999313354492,20.649999618530273,20.649999618530273
27-12-2012,20.239999771118164,20.65999984741211,218033.0,20.780000686645508,20.700000762939453,20.700000762939453
28-12-2012,20.26609992980957,20.520000457763672,178585.0,20.81999969482422,20.510000228881836,20.510000228881836
31-12-2012,20.351299285888672,20.520000457763672,385671.0,21.079999923706055,21.040000915527344,21.040000915527344
02-01-2013,21.1200008392334,21.540000915527344,866566.0,21.899999618530273,21.8799991607666,21.8799991607666
03-01-2013,21.65999984741211,21.8700008392334,302128.0,21.920000076293945,21.739999771118164,21.739999771118164
04-01-2013,21.579999923706055,21.8799991607666,361887.0,21.8799991607666,21.739999771118164,21.739999771118164
07-01-2013,21.389999389648438,21.520000457763672,263949.0,21.594999313354492,21.59000015258789,21.59000015258789
08-01-2013,21.030000686645508,21.549999237060547,251461.0,21.739999771118164,21.229999542236328,21.229999542236328
09-01-2013,20.959999084472656,21.280000686645508,301225.0,21.450000762939453,21.329999923706055,21.329999923706055
10-01-2013,21.079999923706055,21.3799991607666,283003.0,21.600000381469727,21.489999771118164,21.489999771118164
11-01-2013,21.010000228881836,21.520000457763672,522300.0,21.520000457763672,21.079999923706055,21.079999923706055
14-01-2013,20.799999237060547,21.0,335695.0,21.200000762939453,21.049999237060547,21.049999237060547
15-01-2013,19.571199417114258,20.850000381469727,392951.0,20.979999542236328,20.7549991607666,20.7549991607666
16-01-2013,20.6200008392334,20.739999771118164,758837.0,20.93000030517578,20.639999389648438,20.639999389648438
17-01-2013,20.459999084472656,20.780000686645508,870147.0,20.84000015258789,20.510000228881836,20.510000228881836
18-01-2013,20.149999618530273,20.440000534057617,1452215.0,20.440000534057617,20.200000762939453,20.200000762939453
22-01-2013,20.020000457763672,20.170000076293945,1202064.0,20.399999618530273,20.065000534057617,20.065000534057617
23-01-2013,20.010000228881836,20.079999923706055,586906.0,20.219999313354492,20.06999969482422,20.06999969482422
24-01-2013,19.760099411010742,19.770000457763672,497820.0,20.530000686645508,20.239999771118164,20.239999771118164
25-01-2013,19.0,19.18000030517578,1098592.0,20.540000915527344,20.25,20.25
28-01-2013,20.15999984741211,20.239999771118164,560475.0,20.770000457763672,20.65999984741211,20.65999984741211
29-01-2013,20.510000228881836,20.600000381469727,824093.0,20.899999618530273,20.799999237060547,20.799999237060547
30-01-2013,20.649999618530273,20.700000762939453,721811.0,21.030000686645508,20.829999923706055,20.829999923706055
31-01-2013,20.770000457763672,20.889999389648438,566055.0,21.190000534057617,20.920000076293945,20.920000076293945
01-02-2013,21.020000457763672,21.020000457763672,306824.0,21.25,21.15999984741211,21.15999984741211
04-02-2013,20.65999984741211,20.969999313354492,455441.0,21.399999618530273,20.729999542236328,20.729999542236328
05-02-2013,20.81999969482422,20.950000762939453,373293.0,21.100000381469727,20.979999542236328,20.979999542236328
06-02-2013,20.809999465942383,20.829999923706055,334224.0,21.06999969482422,21.0,21.0
07-02-2013,20.56100082397461,21.0,299255.0,21.15999984741211,20.90999984741211,20.90999984741211
08-02-2013,20.719999313354492,20.989999771118164,488474.0,21.420000076293945,20.989999771118164,20.989999771118164
11-02-2013,20.899999618530273,20.959999084472656,206730.0,21.225000381469727,21.190000534057617,21.190000534057617
12-02-2013,21.149999618530273,21.15999984741211,323304.0,21.530000686645508,21.469999313354492,21.469999313354492
13-02-2013,21.110000610351562,21.469999313354492,294336.0,21.540000915527344,21.389999389648438,21.389999389648438
14-02-2013,21.280000686645508,21.3700008392334,367495.0,21.739999771118164,21.579999923706055,21.579999923706055
15-02-2013,21.420000076293945,21.709999084472656,405296.0,21.709999084472656,21.450000762939453,21.450000762939453
19-02-2013,21.170000076293945,21.459999084472656,362969.0,21.780000686645508,21.75,21.75
20-02-2013,21.260000228881836,21.729999542236328,422916.0,21.940000534057617,21.260000228881836,21.260000228881836
21-02-2013,20.56999969482422,21.219999313354492,369870.0,21.219999313354492,20.799999237060547,20.799999237060547
22-02-2013,20.649999618530273,20.979999542236328,366936.0,21.100000381469727,20.8700008392334,20.8700008392334
25-02-2013,20.3700008392334,20.989999771118164,458220.0,21.038000106811523,20.40999984741211,20.40999984741211
26-02-2013,20.3700008392334,20.459999084472656,500079.0,20.81999969482422,20.43000030517578,20.43000030517578
27-02-2013,20.350000381469727,20.450000762939453,494799.0,20.625999450683594,20.450000762939453,20.450000762939453
28-02-2013,20.360000610351562,20.469999313354492,501510.0,20.690000534057617,20.6299991607666,20.6299991607666
01-03-2013,19.979999542236328,20.360000610351562,732250.0,20.43000030517578,20.309999465942383,20.309999465942383
04-03-2013,19.989999771118164,20.350000381469727,1042869.0,20.459999084472656,20.170000076293945,20.170000076293945
05-03-2013,20.040000915527344,20.280000686645508,891264.0,20.610000610351562,20.459999084472656,20.459999084472656
06-03-2013,20.34000015258789,20.579999923706055,411507.0,20.889999389648438,20.799999237060547,20.799999237060547
07-03-2013,20.850000381469727,20.860000610351562,477071.0,21.520000457763672,21.510000228881836,21.510000228881836
08-03-2013,21.440000534057617,21.719999313354492,492371.0,21.860000610351562,21.860000610351562,21.860000610351562
11-03-2013,21.6299991607666,21.729999542236328,272194.0,21.8799991607666,21.860000610351562,21.860000610351562
12-03-2013,21.700000762939453,21.760000228881836,372020.0,21.969999313354492,21.850000381469727,21.850000381469727
13-03-2013,21.75,21.8799991607666,268910.0,22.15999984741211,22.06999969482422,22.06999969482422
14-03-2013,22.020000457763672,22.190000534057617,389079.0,22.239999771118164,22.15999984741211,22.15999984741211
15-03-2013,21.84000015258789,22.219999313354492,652444.0,22.219999313354492,22.079999923706055,22.079999923706055
18-03-2013,21.735000610351562,21.93000030517578,365047.0,22.229999542236328,22.149999618530273,22.149999618530273
19-03-2013,21.829999923706055,22.190000534057617,371021.0,22.43000030517578,22.18000030517578,22.18000030517578
20-03-2013,22.1200008392334,22.299999237060547,221059.0,22.5,22.5,22.5
21-03-2013,21.899999618530273,22.239999771118164,525681.0,22.350000381469727,21.950000762939453,21.950000762939453
22-03-2013,21.850000381469727,22.030000686645508,235548.0,22.219999313354492,22.209999084472656,22.209999084472656
25-03-2013,22.190000534057617,22.280000686645508,443113.0,22.56999969482422,22.43000030517578,22.43000030517578
26-03-2013,22.209999084472656,22.59000015258789,329589.0,22.780000686645508,22.739999771118164,22.739999771118164
27-03-2013,22.389999389648438,22.549999237060547,314591.0,22.899999618530273,22.850000381469727,22.850000381469727
28-03-2013,22.760000228881836,22.90999984741211,488955.0,23.280000686645508,23.170000076293945,23.170000076293945
01-04-2013,22.440000534057617,23.200000762939453,464088.0,23.239999771118164,22.56999969482422,22.56999969482422
02-04-2013,21.729999542236328,22.729999542236328,555608.0,22.729999542236328,21.760000228881836,21.760000228881836
03-04-2013,20.90999984741211,21.8700008392334,642229.0,21.899999618530273,20.959999084472656,20.959999084472656
04-04-2013,20.770000457763672,20.950000762939453,499252.0,21.299999237060547,21.209999084472656,21.209999084472656
05-04-2013,20.655000686645508,20.799999237060547,368983.0,21.149999618530273,21.06999969482422,21.06999969482422
08-04-2013,20.6200008392334,21.09000015258789,356214.0,21.100000381469727,21.010000228881836,21.010000228881836
09-04-2013,20.610000610351562,21.0,622714.0,21.114999771118164,20.6200008392334,20.6200008392334
10-04-2013,20.610000610351562,20.690000534057617,1021415.0,20.920000076293945,20.780000686645508,20.780000686645508
11-04-2013,20.649999618530273,20.700000762939453,832738.0,21.020000457763672,20.850000381469727,20.850000381469727
12-04-2013,20.280000686645508,20.719999313354492,640905.0,20.84000015258789,20.760000228881836,20.760000228881836
15-04-2013,20.229999542236328,20.649999618530273,748572.0,20.770000457763672,20.3700008392334,20.3700008392334
16-04-2013,20.329999923706055,20.579999923706055,450072.0,20.940000534057617,20.770000457763672,20.770000457763672
17-04-2013,19.65999984741211,20.600000381469727,480522.0,20.600000381469727,19.93000030517578,19.93000030517578
18-04-2013,19.200000762939453,20.020000457763672,461042.0,20.149999618530273,19.270000457763672,19.270000457763672
19-04-2013,18.959999084472656,19.25,307181.0,19.489999771118164,19.440000534057617,19.440000534057617
22-04-2013,18.989999771118164,19.399999618530273,542068.0,19.84000015258789,19.764999389648438,19.764999389648438
23-04-2013,19.729999542236328,19.979999542236328,453577.0,20.299999237060547,20.06999969482422,20.06999969482422
24-04-2013,19.739999771118164,19.979999542236328,503418.0,20.15999984741211,19.8799991607666,19.8799991607666
25-04-2013,19.59000015258789,19.889999389648438,664054.0,20.145000457763672,19.920000076293945,19.920000076293945
26-04-2013,20.75,22.84000015258789,1069642.0,22.959999084472656,20.959999084472656,20.959999084472656
29-04-2013,20.780000686645508,21.100000381469727,494410.0,21.200000762939453,20.829999923706055,20.829999923706055
30-04-2013,20.700000762939453,20.889999389648438,396752.0,20.90999984741211,20.799999237060547,20.799999237060547
01-05-2013,20.1200008392334,20.709999084472656,603381.0,20.940000534057617,20.1200008392334,20.1200008392334
02-05-2013,20.040000915527344,20.270000457763672,586242.0,20.799999237060547,20.65999984741211,20.65999984741211
03-05-2013,20.989999771118164,20.989999771118164,652194.0,21.6299991607666,21.489999771118164,21.489999771118164
06-05-2013,21.450000762939453,21.549999237060547,340409.0,21.959999084472656,21.760000228881836,21.760000228881836
07-05-2013,21.290000915527344,21.780000686645508,308783.0,21.780000686645508,21.59000015258789,21.59000015258789
08-05-2013,21.290000915527344,21.579999923706055,406977.0,21.809999465942383,21.809999465942383,21.809999465942383
09-05-2013,21.75,21.84000015258789,474439.0,21.8799991607666,21.850000381469727,21.850000381469727
10-05-2013,21.719999313354492,21.8700008392334,581918.0,22.030000686645508,21.799999237060547,21.799999237060547
13-05-2013,21.329999923706055,21.729999542236328,371507.0,21.75,21.520000457763672,21.520000457763672
14-05-2013,21.2450008392334,21.59000015258789,410807.0,21.780000686645508,21.31999969482422,21.31999969482422
15-05-2013,21.040000915527344,21.209999084472656,504810.0,21.299999237060547,21.190000534057617,21.190000534057617
16-05-2013,21.170000076293945,21.170000076293945,887876.0,21.950000762939453,21.690000534057617,21.690000534057617
17-05-2013,21.559999465942383,21.829999923706055,869916.0,22.360000610351562,22.360000610351562,22.360000610351562
20-05-2013,22.34000015258789,22.34000015258789,639383.0,22.65999984741211,22.56999969482422,22.56999969482422
21-05-2013,22.239999771118164,22.540000915527344,554389.0,22.690000534057617,22.31999969482422,22.31999969482422
22-05-2013,21.549999237060547,22.290000915527344,289902.0,22.3799991607666,21.770000457763672,21.770000457763672
23-05-2013,21.209999084472656,21.489999771118164,563252.0,21.899999618530273,21.75,21.75
24-05-2013,21.40999984741211,21.649999618530273,365667.0,21.809999465942383,21.639999389648438,21.639999389648438
28-05-2013,21.770000457763672,22.010000228881836,335389.0,22.239999771118164,21.850000381469727,21.850000381469727
29-05-2013,21.56999969482422,21.75,375748.0,21.850000381469727,21.739999771118164,21.739999771118164
30-05-2013,21.8700008392334,21.8700008392334,514550.0,22.450000762939453,22.280000686645508,22.280000686645508
31-05-2013,21.850000381469727,22.18000030517578,351952.0,22.260000228881836,21.93000030517578,21.93000030517578
03-06-2013,21.760000228881836,22.0,683556.0,22.479999542236328,22.040000915527344,22.040000915527344
04-06-2013,21.729999542236328,22.149999618530273,342730.0,22.440000534057617,22.010000228881836,22.010000228881836
05-06-2013,21.479999542236328,21.920000076293945,250444.0,22.020000457763672,21.549999237060547,21.549999237060547
06-06-2013,21.309999465942383,21.360000610351562,375085.0,21.81999969482422,21.709999084472656,21.709999084472656
07-06-2013,21.450000762939453,21.889999389648438,263663.0,21.889999389648438,21.65999984741211,21.65999984741211
10-06-2013,21.600000381469727,21.729999542236328,188634.0,21.899999618530273,21.790000915527344,21.790000915527344
11-06-2013,21.25,21.549999237060547,244757.0,21.760000228881836,21.290000915527344,21.290000915527344
12-06-2013,20.8799991607666,21.5,183768.0,21.5,20.93000030517578,20.93000030517578
13-06-2013,20.6299991607666,20.920000076293945,580205.0,21.549999237060547,21.510000228881836,21.510000228881836
14-06-2013,20.90999984741211,21.469999313354492,274230.0,21.670000076293945,21.280000686645508,21.280000686645508
17-06-2013,21.100000381469727,21.530000686645508,319790.0,21.860000610351562,21.520000457763672,21.520000457763672
18-06-2013,21.360000610351562,21.600000381469727,528824.0,22.059999465942383,21.8799991607666,21.8799991607666
19-06-2013,21.719999313354492,21.940000534057617,1800938.0,22.290000915527344,22.149999618530273,22.149999618530273
20-06-2013,21.600000381469727,21.829999923706055,578592.0,22.149999618530273,22.040000915527344,22.040000915527344
21-06-2013,21.905000686645508,22.1299991607666,989117.0,22.559999465942383,22.06999969482422,22.06999969482422
24-06-2013,21.309999465942383,21.84000015258789,446564.0,21.860000610351562,21.600000381469727,21.600000381469727
25-06-2013,21.43000030517578,21.799999237060547,335309.0,21.940000534057617,21.799999237060547,21.799999237060547
26-06-2013,21.59000015258789,21.989999771118164,1161887.0,22.280000686645508,22.100000381469727,22.100000381469727
27-06-2013,21.979999542236328,22.239999771118164,385752.0,22.610000610351562,22.5,22.5
28-06-2013,22.209999084472656,22.3700008392334,1394493.0,22.975000381469727,22.75,22.75
01-07-2013,22.600000381469727,22.8700008392334,453488.0,23.079999923706055,22.729999542236328,22.729999542236328
02-07-2013,22.56999969482422,22.65999984741211,337224.0,23.06999969482422,22.829999923706055,22.829999923706055
03-07-2013,22.670000076293945,22.670000076293945,201374.0,23.09000015258789,22.81999969482422,22.81999969482422
05-07-2013,23.030000686645508,23.190000534057617,292726.0,23.399999618530273,23.389999389648438,23.389999389648438
08-07-2013,22.760000228881836,23.43000030517578,286519.0,23.43000030517578,22.860000610351562,22.860000610351562
09-07-2013,22.920000076293945,23.010000228881836,463227.0,23.600000381469727,23.55500030517578,23.55500030517578
10-07-2013,23.25,23.579999923706055,248859.0,23.799999237060547,23.729999542236328,23.729999542236328
11-07-2013,23.950000762939453,23.950000762939453,332936.0,24.43000030517578,24.399999618530273,24.399999618530273
12-07-2013,24.15999984741211,24.399999618530273,333291.0,24.440000534057617,24.389999389648438,24.389999389648438
15-07-2013,24.43000030517578,24.459999084472656,241810.0,24.770000457763672,24.709999084472656,24.709999084472656
16-07-2013,24.549999237060547,24.65999984741211,263069.0,24.940000534057617,24.799999237060547,24.799999237060547
17-07-2013,24.68000030517578,24.799999237060547,212276.0,24.950000762939453,24.93000030517578,24.93000030517578
18-07-2013,24.56999969482422,24.940000534057617,491010.0,25.024999618530273,24.610000610351562,24.610000610351562
19-07-2013,23.290000915527344,24.459999084472656,415388.0,24.639999389648438,24.600000381469727,24.600000381469727
22-07-2013,24.2450008392334,24.459999084472656,344411.0,24.739999771118164,24.59000015258789,24.59000015258789
23-07-2013,24.378999710083008,24.760000228881836,411810.0,24.770000457763672,24.459999084472656,24.459999084472656
24-07-2013,23.3799991607666,24.579999923706055,1215862.0,24.674999237060547,23.540000915527344,23.540000915527344
25-07-2013,23.300100326538086,23.540000915527344,852132.0,23.959999084472656,23.93000030517578,23.93000030517578
26-07-2013,22.75,23.65999984741211,756023.0,24.770000457763672,24.700000762939453,24.700000762939453
29-07-2013,24.200000762939453,24.56999969482422,380037.0,24.780000686645508,24.309999465942383,24.309999465942383
30-07-2013,24.139999389648438,24.489999771118164,467725.0,24.639999389648438,24.6200008392334,24.6200008392334
31-07-2013,24.420000076293945,24.75,446189.0,24.940000534057617,24.65999984741211,24.65999984741211
01-08-2013,24.68000030517578,24.979999542236328,334609.0,25.0,24.989999771118164,24.989999771118164
02-08-2013,24.631399154663086,24.809999465942383,259824.0,24.90999984741211,24.81999969482422,24.81999969482422
05-08-2013,24.648000717163086,24.860000610351562,535076.0,25.530000686645508,25.5,25.5
06-08-2013,25.469999313354492,25.5,450452.0,25.81999969482422,25.520000457763672,25.520000457763672
07-08-2013,25.260000228881836,25.5,640131.0,25.700000762939453,25.649999618530273,25.649999618530273
08-08-2013,25.700000762939453,25.770000457763672,562280.0,25.950000762939453,25.770000457763672,25.770000457763672
09-08-2013,25.329999923706055,25.729999542236328,654861.0,25.979999542236328,25.700000762939453,25.700000762939453
12-08-2013,25.525999069213867,25.540000915527344,354524.0,26.299999237060547,26.149999618530273,26.149999618530273
13-08-2013,26.045000076293945,26.229999542236328,220105.0,26.549999237060547,26.43000030517578,26.43000030517578
14-08-2013,26.3700008392334,26.43000030517578,367490.0,26.719999313354492,26.389999389648438,26.389999389648438
15-08-2013,25.549999237060547,26.040000915527344,384599.0,26.040000915527344,25.799999237060547,25.799999237060547
16-08-2013,25.75,25.75,434897.0,26.010000228881836,26.0,26.0
19-08-2013,25.8700008392334,26.030000686645508,366902.0,26.139999389648438,25.899999618530273,25.899999618530273
20-08-2013,25.90999984741211,25.989999771118164,205461.0,26.18000030517578,26.010000228881836,26.010000228881836
21-08-2013,25.68000030517578,26.0,358734.0,26.25,25.950000762939453,25.950000762939453
22-08-2013,25.94499969482422,26.020000457763672,225059.0,26.34000015258789,26.06999969482422,26.06999969482422
23-08-2013,25.829999923706055,26.06999969482422,360788.0,26.299999237060547,26.0,26.0
26-08-2013,25.940000534057617,26.030000686645508,226451.0,26.388999938964844,26.06999969482422,26.06999969482422
27-08-2013,25.459999084472656,25.829999923706055,389026.0,25.885000228881836,25.479999542236328,25.479999542236328
28-08-2013,25.559999465942383,25.559999465942383,271055.0,26.010000228881836,25.889999389648438,25.889999389648438
29-08-2013,25.829999923706055,25.829999923706055,254036.0,26.25,25.989999771118164,25.989999771118164
30-08-2013,25.649999618530273,25.920000076293945,350618.0,25.989999771118164,25.739999771118164,25.739999771118164
03-09-2013,25.270000457763672,26.0,442566.0,26.40999984741211,25.540000915527344,25.540000915527344
04-09-2013,25.540000915527344,25.540000915527344,362877.0,26.170000076293945,25.950000762939453,25.950000762939453
05-09-2013,25.739999771118164,26.030000686645508,403193.0,26.270000457763672,25.8700008392334,25.8700008392334
06-09-2013,25.325000762939453,26.020000457763672,317982.0,26.020000457763672,25.5,25.5
09-09-2013,25.610000610351562,25.639999389648438,332236.0,25.989999771118164,25.8799991607666,25.8799991607666
10-09-2013,25.600000381469727,25.950000762939453,394248.0,26.239999771118164,26.1299991607666,26.1299991607666
11-09-2013,25.729999542236328,25.969999313354492,188134.0,26.270000457763672,26.020000457763672,26.020000457763672
12-09-2013,25.635000228881836,26.1299991607666,246574.0,26.239999771118164,25.729999542236328,25.729999542236328
13-09-2013,25.549999237060547,25.860000610351562,212445.0,26.010000228881836,26.010000228881836,26.010000228881836
16-09-2013,26.010000228881836,26.200000762939453,318669.0,26.325000762939453,26.110000610351562,26.110000610351562
17-09-2013,26.059999465942383,26.110000610351562,256611.0,26.399999618530273,26.389999389648438,26.389999389648438
18-09-2013,26.079999923706055,26.34000015258789,267988.0,26.559999465942383,26.290000915527344,26.290000915527344
19-09-2013,25.139999389648438,25.760000228881836,1174617.0,25.86989974975586,25.3799991607666,25.3799991607666
20-09-2013,25.200000762939453,25.399999618530273,791060.0,25.770000457763672,25.450000762939453,25.450000762939453
23-09-2013,25.280000686645508,25.479999542236328,442912.0,25.790000915527344,25.3799991607666,25.3799991607666
24-09-2013,25.024999618530273,25.489999771118164,457300.0,25.59000015258789,25.040000915527344,25.040000915527344
25-09-2013,24.40999984741211,25.0,792271.0,25.0,24.530000686645508,24.530000686645508
26-09-2013,23.91900062561035,24.610000610351562,920493.0,24.912500381469727,24.34000015258789,24.34000015258789
27-09-2013,23.690000534057617,24.1299991607666,1062097.0,24.350000381469727,23.920000076293945,23.920000076293945
30-09-2013,23.479999542236328,23.6299991607666,654071.0,24.510000228881836,24.25,24.25
01-10-2013,24.15999984741211,24.260000228881836,556103.0,24.719999313354492,24.65999984741211,24.65999984741211
02-10-2013,24.329999923706055,24.479999542236328,345984.0,24.75,24.520000457763672,24.520000457763672
03-10-2013,23.709999084472656,24.450000762939453,452945.0,24.540000915527344,24.350000381469727,24.350000381469727
04-10-2013,24.229999542236328,24.280000686645508,195533.0,24.709999084472656,24.520000457763672,24.520000457763672
07-10-2013,23.941999435424805,24.200000762939453,330052.0,24.479999542236328,24.270000457763672,24.270000457763672
08-10-2013,23.719999313354492,24.34000015258789,280587.0,24.415000915527344,23.899999618530273,23.899999618530273
09-10-2013,23.540000915527344,23.920000076293945,739753.0,24.209999084472656,23.969999313354492,23.969999313354492
10-10-2013,23.850000381469727,24.270000457763672,265399.0,24.790000915527344,24.610000610351562,24.610000610351562
11-10-2013,24.350000381469727,24.469999313354492,347861.0,24.989999771118164,24.790000915527344,24.790000915527344
14-10-2013,24.604999542236328,24.639999389648438,379545.0,25.360000610351562,25.280000686645508,25.280000686645508
15-10-2013,25.040000915527344,25.15999984741211,449072.0,25.368999481201172,25.149999618530273,25.149999618530273
16-10-2013,24.770000457763672,25.209999084472656,688404.0,25.489999771118164,25.450000762939453,25.450000762939453
17-10-2013,25.135000228881836,25.280000686645508,488192.0,25.610000610351562,25.56999969482422,25.56999969482422
18-10-2013,25.649999618530273,25.81999969482422,531704.0,26.13990020751953,25.760000228881836,25.760000228881836
21-10-2013,25.479999542236328,25.8700008392334,542724.0,25.93000030517578,25.559999465942383,25.559999465942383
22-10-2013,25.885000228881836,26.030000686645508,1016387.0,26.709999084472656,26.15999984741211,26.15999984741211
23-10-2013,24.920000076293945,25.920000076293945,839819.0,25.940000534057617,25.030000686645508,25.030000686645508
24-10-2013,24.81999969482422,24.969999313354492,393652.0,25.16990089416504,24.829999923706055,24.829999923706055
25-10-2013,24.65999984741211,24.93000030517578,404513.0,25.25,24.959999084472656,24.959999084472656
28-10-2013,24.68000030517578,24.90999984741211,379619.0,24.989999771118164,24.93000030517578,24.93000030517578
29-10-2013,24.829999923706055,24.940000534057617,419953.0,25.229999542236328,25.09000015258789,25.09000015258789
30-10-2013,24.709999084472656,25.020000457763672,272440.0,25.25,24.90999984741211,24.90999984741211
31-10-2013,24.635000228881836,24.979999542236328,552578.0,25.3700008392334,25.1299991607666,25.1299991607666
01-11-2013,24.280000686645508,25.049999237060547,621982.0,25.209999084472656,24.690000534057617,24.690000534057617
04-11-2013,24.43000030517578,24.760000228881836,611031.0,25.260000228881836,24.690000534057617,24.690000534057617
05-11-2013,24.024999618530273,24.489999771118164,590321.0,24.65250015258789,24.100000381469727,24.100000381469727
06-11-2013,24.100000381469727,24.299999237060547,528032.0,25.3700008392334,25.100000381469727,25.100000381469727
07-11-2013,24.110000610351562,24.989999771118164,376705.0,24.989999771118164,24.170000076293945,24.170000076293945
08-11-2013,20.219999313354492,20.540000915527344,2599462.0,23.489999771118164,23.3700008392334,23.3700008392334
11-11-2013,23.0,23.280000686645508,411289.0,23.420000076293945,23.239999771118164,23.239999771118164
12-11-2013,22.979999542236328,23.09000015258789,465523.0,23.459999084472656,23.15999984741211,23.15999984741211
13-11-2013,23.010000228881836,23.049999237060547,403201.0,23.540000915527344,23.34000015258789,23.34000015258789
14-11-2013,23.110000610351562,23.290000915527344,288301.0,23.309999465942383,23.18000030517578,23.18000030517578
15-11-2013,22.90999984741211,23.15999984741211,370051.0,23.299999237060547,23.200000762939453,23.200000762939453
18-11-2013,22.979999542236328,23.299999237060547,318451.0,23.450000762939453,23.065000534057617,23.065000534057617
19-11-2013,22.969999313354492,23.059999465942383,570876.0,23.3799991607666,23.06999969482422,23.06999969482422
20-11-2013,22.93000030517578,23.100000381469727,463722.0,23.299999237060547,23.079999923706055,23.079999923706055
21-11-2013,23.010000228881836,23.190000534057617,326821.0,23.540000915527344,23.43000030517578,23.43000030517578
22-11-2013,23.3700008392334,23.3700008392334,233301.0,23.850000381469727,23.739999771118164,23.739999771118164
25-11-2013,23.719999313354492,23.899999618530273,354590.0,24.15999984741211,23.93000030517578,23.93000030517578
26-11-2013,23.93000030517578,23.93000030517578,573027.0,24.170000076293945,24.1299991607666,24.1299991607666
27-11-2013,24.0,24.31999969482422,570943.0,24.479999542236328,24.399999618530273,24.399999618530273
29-11-2013,24.43000030517578,24.540000915527344,174125.0,25.0,24.43000030517578,24.43000030517578
02-12-2013,23.975000381469727,24.459999084472656,497190.0,24.459999084472656,24.030000686645508,24.030000686645508
03-12-2013,23.719999313354492,23.959999084472656,402272.0,24.290000915527344,24.100000381469727,24.100000381469727
04-12-2013,23.559999465942383,24.020000457763672,422582.0,24.165000915527344,23.889999389648438,23.889999389648438
05-12-2013,23.850000381469727,23.8700008392334,332501.0,24.149999618530273,24.079999923706055,24.079999923706055
06-12-2013,24.049999237060547,24.290000915527344,541239.0,24.420000076293945,24.1200008392334,24.1200008392334
09-12-2013,23.860000610351562,24.110000610351562,524080.0,24.290000915527344,24.010000228881836,24.010000228881836
10-12-2013,23.75,24.020000457763672,887637.0,24.06999969482422,23.770000457763672,23.770000457763672
11-12-2013,23.239999771118164,23.860000610351562,532111.0,24.100000381469727,23.309999465942383,23.309999465942383
12-12-2013,22.90999984741211,23.15999984741211,723973.0,23.3799991607666,23.030000686645508,23.030000686645508
13-12-2013,23.030000686645508,23.049999237060547,474216.0,23.389999389648438,23.06999969482422,23.06999969482422
16-12-2013,23.239999771118164,23.239999771118164,428240.0,23.829999923706055,23.559999465942383,23.559999465942383
17-12-2013,23.610000610351562,23.610000610351562,325113.0,24.059999465942383,23.93000030517578,23.93000030517578
18-12-2013,23.399999618530273,23.8799991607666,420409.0,23.899999618530273,23.81999969482422,23.81999969482422
19-12-2013,23.5,23.780000686645508,422988.0,23.8799991607666,23.760000228881836,23.760000228881836
20-12-2013,23.68000030517578,23.8700008392334,2148173.0,24.649999618530273,23.959999084472656,23.959999084472656
23-12-2013,24.041000366210938,24.100000381469727,353479.0,24.5,24.440000534057617,24.440000534057617
24-12-2013,24.3799991607666,24.479999542236328,257148.0,24.790000915527344,24.639999389648438,24.639999389648438
26-12-2013,24.3700008392334,24.68000030517578,251819.0,24.68000030517578,24.59000015258789,24.59000015258789
27-12-2013,24.579999923706055,24.700000762939453,226262.0,24.940000534057617,24.940000534057617,24.940000534057617
30-12-2013,24.829999923706055,24.950000762939453,174177.0,24.989999771118164,24.850000381469727,24.850000381469727
31-12-2013,24.719999313354492,24.889999389648438,334244.0,25.030000686645508,24.950000762939453,24.950000762939453
02-01-2014,24.540000915527344,24.729999542236328,445157.0,24.899999618530273,24.8799991607666,24.8799991607666
03-01-2014,24.65999984741211,24.889999389648438,505763.0,25.06999969482422,24.989999771118164,24.989999771118164
06-01-2014,24.690000534057617,25.030000686645508,353499.0,25.100000381469727,24.84000015258789,24.84000015258789
07-01-2014,24.639999389648438,24.709999084472656,304221.0,25.079999923706055,24.860000610351562,24.860000610351562
08-01-2014,24.719999313354492,24.8700008392334,344971.0,25.06999969482422,24.899999618530273,24.899999618530273
09-01-2014,24.3700008392334,24.90999984741211,487670.0,24.90999984741211,24.5,24.5
10-01-2014,24.364999771118164,24.56999969482422,369409.0,24.719999313354492,24.649999618530273,24.649999618530273
13-01-2014,24.18000030517578,24.5,448840.0,24.790000915527344,24.34000015258789,24.34000015258789
14-01-2014,24.450000762939453,24.450000762939453,230867.0,24.979999542236328,24.860000610351562,24.860000610351562
15-01-2014,24.920000076293945,25.0,342190.0,25.190000534057617,25.100000381469727,25.100000381469727
16-01-2014,24.860000610351562,24.979999542236328,177660.0,25.1299991607666,24.969999313354492,24.969999313354492
17-01-2014,24.670000076293945,24.860000610351562,263502.0,25.12619972229004,24.860000610351562,24.860000610351562
21-01-2014,24.649999618530273,24.950000762939453,442634.0,24.989999771118164,24.760000228881836,24.760000228881836
22-01-2014,24.75,24.84000015258789,392637.0,25.290000915527344,25.25,25.25
23-01-2014,24.780000686645508,25.520000457763672,653428.0,25.56999969482422,25.1200008392334,25.1200008392334
24-01-2014,23.010000228881836,26.0,1261372.0,26.0,23.610000610351562,23.610000610351562
27-01-2014,23.31999969482422,23.56999969482422,556285.0,23.700000762939453,23.479999542236328,23.479999542236328
28-01-2014,23.290000915527344,23.420000076293945,473353.0,23.709999084472656,23.700000762939453,23.700000762939453
29-01-2014,23.260000228881836,23.540000915527344,418496.0,23.8799991607666,23.280000686645508,23.280000686645508
30-01-2014,23.309999465942383,23.43000030517578,440374.0,23.989999771118164,23.729999542236328,23.729999542236328
31-01-2014,23.239999771118164,23.239999771118164,362706.0,23.799999237060547,23.440000534057617,23.440000534057617
03-02-2014,22.25,23.290000915527344,560405.0,23.549999237060547,22.510000228881836,22.510000228881836
04-02-2014,22.280000686645508,22.56999969482422,374570.0,22.719999313354492,22.6200008392334,22.6200008392334
05-02-2014,22.15999984741211,22.549999237060547,347102.0,22.790000915527344,22.510000228881836,22.510000228881836
06-02-2014,22.280000686645508,22.549999237060547,242628.0,23.322500228881836,22.639999389648438,22.639999389648438
07-02-2014,22.459999084472656,22.770000457763672,342474.0,23.190000534057617,22.979999542236328,22.979999542236328
10-02-2014,22.690000534057617,22.899999618530273,769708.0,23.010000228881836,22.860000610351562,22.860000610351562
11-02-2014,22.479999542236328,22.81999969482422,519538.0,22.950000762939453,22.600000381469727,22.600000381469727
12-02-2014,22.327999114990234,22.559999465942383,324649.0,22.979999542236328,22.899999618530273,22.899999618530273
13-02-2014,22.68000030517578,22.68000030517578,419771.0,23.299999237060547,23.209999084472656,23.209999084472656
14-02-2014,22.75,23.219999313354492,335475.0,23.219999313354492,23.020000457763672,23.020000457763672
18-02-2014,22.940000534057617,23.0,298687.0,23.219999313354492,22.979999542236328,22.979999542236328
19-02-2014,22.63800048828125,22.850000381469727,385915.0,23.309999465942383,22.989999771118164,22.989999771118164
20-02-2014,22.850000381469727,23.049999237060547,370706.0,23.280000686645508,23.135000228881836,23.135000228881836
21-02-2014,22.770000457763672,23.290000915527344,406799.0,23.450000762939453,22.829999923706055,22.829999923706055
24-02-2014,22.780000686645508,22.969999313354492,270220.0,23.110000610351562,23.0,23.0
25-02-2014,22.709999084472656,23.020000457763672,237997.0,23.040000915527344,22.770000457763672,22.770000457763672
26-02-2014,22.479999542236328,22.799999237060547,636512.0,22.899999618530273,22.5,22.5
27-02-2014,22.280000686645508,22.399999618530273,629980.0,22.75,22.639999389648438,22.639999389648438
28-02-2014,22.59000015258789,22.709999084472656,554694.0,23.174999237060547,23.059999465942383,23.059999465942383
03-03-2014,22.5,22.90999984741211,332439.0,23.1299991607666,22.719999313354492,22.719999313354492
04-03-2014,23.059999465942383,23.059999465942383,630620.0,23.764999389648438,23.709999084472656,23.709999084472656
05-03-2014,23.43000030517578,23.709999084472656,304093.0,23.899999618530273,23.84000015258789,23.84000015258789
06-03-2014,23.760000228881836,23.81999969482422,496301.0,24.15999984741211,24.030000686645508,24.030000686645508
07-03-2014,24.010000228881836,24.219999313354492,497247.0,24.520000457763672,24.5,24.5
10-03-2014,24.489999771118164,24.5,743439.0,24.84000015258789,24.649999618530273,24.649999618530273
11-03-2014,24.5,24.649999618530273,434631.0,24.829999923706055,24.59000015258789,24.59000015258789
12-03-2014,24.450000762939453,24.530000686645508,284734.0,24.760000228881836,24.670000076293945,24.670000076293945
13-03-2014,24.690000534057617,24.790000915527344,1007853.0,25.18000030517578,24.989999771118164,24.989999771118164
14-03-2014,24.63010025024414,24.889999389648438,467154.0,25.209999084472656,24.989999771118164,24.989999771118164
17-03-2014,24.850000381469727,25.100000381469727,420049.0,25.399999618530273,24.905000686645508,24.905000686645508
18-03-2014,24.850000381469727,24.850000381469727,475214.0,25.770000457763672,25.770000457763672,25.770000457763672
19-03-2014,25.510000228881836,25.68000030517578,421847.0,26.25,25.920000076293945,25.920000076293945
20-03-2014,25.760000228881836,25.889999389648438,258318.0,26.360000610351562,26.270000457763672,26.270000457763672
21-03-2014,25.709999084472656,26.290000915527344,607910.0,26.649999618530273,26.0,26.0
24-03-2014,25.6200008392334,25.989999771118164,430488.0,26.239999771118164,25.829999923706055,25.829999923706055
25-03-2014,25.5,26.0,371051.0,26.299999237060547,25.700000762939453,25.700000762939453
26-03-2014,25.0,25.959999084472656,408621.0,26.238000869750977,25.0,25.0
27-03-2014,24.420000076293945,25.079999923706055,488571.0,25.423999786376953,24.450000762939453,24.450000762939453
28-03-2014,24.230100631713867,24.420000076293945,477301.0,25.010000228881836,24.489999771118164,24.489999771118164
31-03-2014,24.530000686645508,24.579999923706055,333226.0,25.229999542236328,25.030000686645508,25.030000686645508
01-04-2014,24.969999313354492,25.040000915527344,484086.0,25.8799991607666,25.799999237060547,25.799999237060547
02-04-2014,25.69860076904297,25.799999237060547,413708.0,26.049999237060547,25.829999923706055,25.829999923706055
03-04-2014,25.670000076293945,25.899999618530273,343577.0,25.969999313354492,25.8799991607666,25.8799991607666
04-04-2014,24.760000228881836,25.979999542236328,586658.0,25.979999542236328,25.09000015258789,25.09000015258789
07-04-2014,24.479999542236328,25.0,387703.0,25.34000015258789,24.760000228881836,24.760000228881836
08-04-2014,24.440000534057617,24.719999313354492,417081.0,25.31999969482422,25.059999465942383,25.059999465942383
09-04-2014,24.719999313354492,25.09000015258789,303754.0,25.329999923706055,25.239999771118164,25.239999771118164
10-04-2014,24.270000457763672,25.260000228881836,382164.0,25.360000610351562,24.299999237060547,24.299999237060547
11-04-2014,23.450000762939453,24.059999465942383,400998.0,24.31999969482422,23.56999969482422,23.56999969482422
14-04-2014,23.3700008392334,23.8799991607666,316516.0,24.15999984741211,23.600000381469727,23.600000381469727
15-04-2014,23.110000610351562,23.709999084472656,343402.0,24.059999465942383,23.920000076293945,23.920000076293945
16-04-2014,23.280000686645508,24.020000457763672,339397.0,24.079999923706055,23.75,23.75
17-04-2014,23.709999084472656,23.709999084472656,308351.0,24.5,24.260000228881836,24.260000228881836
21-04-2014,24.25,24.350000381469727,229328.0,24.700000762939453,24.450000762939453,24.450000762939453
22-04-2014,24.5,24.5,408469.0,25.40999984741211,25.360000610351562,25.360000610351562
23-04-2014,25.020000457763672,25.329999923706055,547186.0,25.790000915527344,25.18000030517578,25.18000030517578
24-04-2014,24.964000701904297,25.399999618530273,458704.0,25.719999313354492,25.610000610351562,25.610000610351562
25-04-2014,23.6299991607666,24.600000381469727,841082.0,25.489999771118164,24.040000915527344,24.040000915527344
28-04-2014,23.010000228881836,24.100000381469727,521160.0,24.170000076293945,23.709999084472656,23.709999084472656
29-04-2014,23.290000915527344,23.889999389648438,239750.0,23.889999389648438,23.350000381469727,23.350000381469727
30-04-2014,22.920000076293945,23.329999923706055,592878.0,23.530000686645508,23.520000457763672,23.520000457763672
01-05-2014,22.610000610351562,23.440000534057617,816744.0,23.510000228881836,23.110000610351562,23.110000610351562
02-05-2014,23.049999237060547,23.15999984741211,479023.0,23.739999771118164,23.530000686645508,23.530000686645508
05-05-2014,23.020000457763672,23.290000915527344,648744.0,24.049999237060547,23.989999771118164,23.989999771118164
06-05-2014,23.510000228881836,23.989999771118164,605048.0,24.049999237060547,23.690000534057617,23.690000534057617
07-05-2014,23.479999542236328,23.639999389648438,454738.0,23.860000610351562,23.780000686645508,23.780000686645508
08-05-2014,23.479999542236328,23.760000228881836,709833.0,24.190000534057617,23.709999084472656,23.709999084472656
09-05-2014,23.360000610351562,23.549999237060547,812832.0,23.93000030517578,23.700000762939453,23.700000762939453
12-05-2014,23.829999923706055,23.899999618530273,572254.0,24.59000015258789,24.520000457763672,24.520000457763672
13-05-2014,24.389999389648438,24.520000457763672,703086.0,25.354999542236328,24.399999618530273,24.399999618530273
14-05-2014,23.350000381469727,24.3700008392334,615686.0,24.3700008392334,23.459999084472656,23.459999084472656
15-05-2014,23.010000228881836,23.420000076293945,444380.0,23.6299991607666,23.350000381469727,23.350000381469727
16-05-2014,22.209999084472656,23.309999465942383,327686.0,23.75,23.479999542236328,23.479999542236328
19-05-2014,23.3799991607666,23.3799991607666,266470.0,23.989999771118164,23.7549991607666,23.7549991607666
20-05-2014,23.1299991607666,23.770000457763672,562022.0,23.950000762939453,23.3700008392334,23.3700008392334
21-05-2014,23.139999389648438,23.56999969482422,304785.0,23.670000076293945,23.530000686645508,23.530000686645508
22-05-2014,23.5,23.59000015258789,505801.0,24.18000030517578,24.1299991607666,24.1299991607666
23-05-2014,24.010000228881836,24.170000076293945,422447.0,24.559999465942383,24.329999923706055,24.329999923706055
27-05-2014,24.309999465942383,24.579999923706055,363618.0,24.920000076293945,24.690000534057617,24.690000534057617
28-05-2014,24.31999969482422,24.610000610351562,335043.0,24.790000915527344,24.5,24.5
29-05-2014,24.450000762939453,24.6299991607666,311982.0,24.829999923706055,24.559999465942383,24.559999465942383
30-05-2014,24.149999618530273,24.639999389648438,256498.0,24.68000030517578,24.329999923706055,24.329999923706055
02-06-2014,24.270000457763672,24.969999313354492,529781.0,25.610000610351562,24.489999771118164,24.489999771118164
03-06-2014,24.459999084472656,24.459999084472656,435913.0,25.059999465942383,24.84000015258789,24.84000015258789
04-06-2014,24.53499984741211,24.639999389648438,367881.0,25.125,25.059999465942383,25.059999465942383
05-06-2014,24.829999923706055,25.059999465942383,529823.0,25.920000076293945,25.700000762939453,25.700000762939453
06-06-2014,25.600000381469727,25.770000457763672,493583.0,26.049999237060547,25.6299991607666,25.6299991607666
09-06-2014,25.607999801635742,25.639999389648438,538498.0,26.489999771118164,26.450000762939453,26.450000762939453
10-06-2014,26.200000762939453,26.420000076293945,506004.0,26.649999618530273,26.579999923706055,26.579999923706055
11-06-2014,26.25,26.469999313354492,379917.0,26.75,26.479999542236328,26.479999542236328
12-06-2014,26.1299991607666,26.34000015258789,234396.0,26.5,26.31999969482422,26.31999969482422
13-06-2014,26.1200008392334,26.510000228881836,345173.0,26.690000534057617,26.530000686645508,26.530000686645508
16-06-2014,26.1200008392334,26.43000030517578,246804.0,26.559999465942383,26.489999771118164,26.489999771118164
17-06-2014,26.270000457763672,26.40999984741211,492140.0,26.93000030517578,26.510000228881836,26.510000228881836
18-06-2014,26.34000015258789,26.489999771118164,512334.0,26.579999923706055,26.489999771118164,26.489999771118164
19-06-2014,26.25,26.65999984741211,293319.0,26.75,26.700000762939453,26.700000762939453
20-06-2014,26.559999465942383,26.799999237060547,622223.0,26.8799991607666,26.860000610351562,26.860000610351562
23-06-2014,26.540000915527344,26.799999237060547,567780.0,27.450000762939453,27.389999389648438,27.389999389648438
24-06-2014,26.790000915527344,27.43000030517578,644529.0,27.90999984741211,26.799999237060547,26.799999237060547
25-06-2014,26.520000457763672,26.639999389648438,565951.0,27.040000915527344,26.899999618530273,26.899999618530273
26-06-2014,26.40999984741211,26.959999084472656,282385.0,26.959999084472656,26.729999542236328,26.729999542236328
27-06-2014,26.549999237060547,26.549999237060547,602730.0,27.00950050354004,26.690000534057617,26.690000534057617
30-06-2014,26.454999923706055,26.649999618530273,397283.0,26.860000610351562,26.760000228881836,26.760000228881836
01-07-2014,26.920000076293945,26.969999313354492,533441.0,27.579999923706055,27.25,27.25
02-07-2014,26.940000534057617,27.280000686645508,299307.0,27.450000762939453,27.079999923706055,27.079999923706055
03-07-2014,27.049999237060547,27.209999084472656,161170.0,27.469999313354492,27.440000534057617,27.440000534057617
07-07-2014,26.889999389648438,27.34000015258789,290192.0,27.5,27.09000015258789,27.09000015258789
08-07-2014,26.709999084472656,26.979999542236328,450549.0,27.1299991607666,26.889999389648438,26.889999389648438
09-07-2014,26.56999969482422,26.989999771118164,294181.0,27.06999969482422,26.614999771118164,26.614999771118164
10-07-2014,25.770000457763672,26.0,355762.0,26.610000610351562,26.360000610351562,26.360000610351562
11-07-2014,25.97130012512207,26.440000534057617,215521.0,26.540000915527344,26.399999618530273,26.399999618530273
14-07-2014,26.270000457763672,26.760000228881836,171750.0,26.940000534057617,26.510000228881836,26.510000228881836
15-07-2014,25.940000534057617,26.420000076293945,217195.0,26.59000015258789,26.270000457763672,26.270000457763672
16-07-2014,26.059999465942383,26.520000457763672,355518.0,26.559999465942383,26.170000076293945,26.170000076293945
17-07-2014,25.56999969482422,26.040000915527344,329788.0,26.297300338745117,25.700000762939453,25.700000762939453
18-07-2014,25.52199935913086,25.6200008392334,487567.0,26.350000381469727,26.200000762939453,26.200000762939453
21-07-2014,25.950000762939453,26.110000610351562,384099.0,26.329999923706055,26.1200008392334,26.1200008392334
22-07-2014,26.076000213623047,26.239999771118164,575632.0,26.59000015258789,26.5,26.5
23-07-2014,25.53499984741211,26.440000534057617,519826.0,26.440000534057617,25.690000534057617,25.690000534057617
24-07-2014,25.350000381469727,25.65999984741211,393268.0,25.834999084472656,25.59000015258789,25.59000015258789
25-07-2014,24.600000381469727,25.760000228881836,536894.0,26.239999771118164,24.65999984741211,24.65999984741211
28-07-2014,24.170000076293945,24.600000381469727,377356.0,24.90999984741211,24.709999084472656,24.709999084472656
29-07-2014,24.440000534057617,24.709999084472656,315201.0,25.079999923706055,24.450000762939453,24.450000762939453
30-07-2014,24.38050079345703,24.6200008392334,298617.0,24.8700008392334,24.790000915527344,24.790000915527344
31-07-2014,23.889999389648438,24.399999618530273,601322.0,24.700000762939453,23.979999542236328,23.979999542236328
01-08-2014,23.799999237060547,24.030000686645508,382097.0,24.309999465942383,23.959999084472656,23.959999084472656
04-08-2014,23.549999237060547,24.079999923706055,404443.0,24.18000030517578,24.079999923706055,24.079999923706055
05-08-2014,23.760000228881836,24.010000228881836,266874.0,24.270000457763672,24.06999969482422,24.06999969482422
06-08-2014,23.815000534057617,23.920000076293945,209385.0,24.459999084472656,24.260000228881836,24.260000228881836
07-08-2014,23.780000686645508,24.399999618530273,219992.0,24.510000228881836,23.809999465942383,23.809999465942383
08-08-2014,23.781999588012695,23.81999969482422,295184.0,24.25,23.989999771118164,23.989999771118164
11-08-2014,23.979999542236328,24.15999984741211,201526.0,24.559999465942383,24.25,24.25
12-08-2014,23.81999969482422,24.200000762939453,228555.0,24.3799991607666,24.010000228881836,24.010000228881836
13-08-2014,23.950000762939453,24.059999465942383,334867.0,24.34000015258789,24.1200008392334,24.1200008392334
14-08-2014,24.200000762939453,24.200000762939453,207254.0,24.59000015258789,24.350000381469727,24.350000381469727
15-08-2014,23.979999542236328,24.6200008392334,361237.0,24.770000457763672,24.34000015258789,24.34000015258789
18-08-2014,24.190000534057617,24.489999771118164,217495.0,24.790000915527344,24.760000228881836,24.760000228881836
19-08-2014,24.770000457763672,24.850000381469727,179147.0,25.18000030517578,25.040000915527344,25.040000915527344
20-08-2014,24.75,24.969999313354492,307061.0,25.329999923706055,25.260000228881836,25.260000228881836
21-08-2014,25.079999923706055,25.299999237060547,484564.0,26.25,25.709999084472656,25.709999084472656
22-08-2014,25.540000915527344,25.739999771118164,248990.0,26.020000457763672,25.790000915527344,25.790000915527344
25-08-2014,25.709999084472656,26.0,233675.0,26.010000228881836,25.81999969482422,25.81999969482422
26-08-2014,25.760000228881836,25.84000015258789,238091.0,25.979999542236328,25.889999389648438,25.889999389648438
27-08-2014,25.64900016784668,25.920000076293945,250961.0,26.020000457763672,25.84000015258789,25.84000015258789
28-08-2014,25.479999542236328,25.649999618530273,330465.0,26.18899917602539,26.149999618530273,26.149999618530273
29-08-2014,26.190000534057617,26.229999542236328,424937.0,26.639999389648438,26.639999389648438,26.639999389648438
02-09-2014,26.219999313354492,26.84000015258789,322423.0,26.84000015258789,26.40999984741211,26.40999984741211
03-09-2014,26.229999542236328,26.600000381469727,395030.0,26.670000076293945,26.329999923706055,26.329999923706055
04-09-2014,26.239999771118164,26.3799991607666,144253.0,26.6299991607666,26.309999465942383,26.309999465942383
05-09-2014,26.020000457763672,26.170000076293945,195204.0,26.520000457763672,26.489999771118164,26.489999771118164
08-09-2014,26.299999237060547,26.479999542236328,173335.0,26.770000457763672,26.479999542236328,26.479999542236328
09-09-2014,26.100000381469727,26.450000762939453,256942.0,26.549999237060547,26.290000915527344,26.290000915527344
10-09-2014,25.950000762939453,26.3700008392334,483940.0,26.601999282836914,26.469999313354492,26.469999313354492
11-09-2014,26.091999053955078,26.34000015258789,472053.0,26.559999465942383,26.299999237060547,26.299999237060547
12-09-2014,25.65999984741211,26.3799991607666,475633.0,26.399999618530273,25.8700008392334,25.8700008392334
15-09-2014,25.350000381469727,25.809999465942383,406234.0,26.0,25.649999618530273,25.649999618530273
16-09-2014,25.23200035095215,25.23200035095215,297078.0,25.93000030517578,25.739999771118164,25.739999771118164
17-09-2014,25.45599937438965,25.45599937438965,503993.0,26.09000015258789,25.81999969482422,25.81999969482422
18-09-2014,25.736000061035156,25.736000061035156,457854.0,26.299999237060547,26.149999618530273,26.149999618530273
19-09-2014,25.600000381469727,26.25,803807.0,26.43000030517578,25.649999618530273,25.649999618530273
22-09-2014,25.25,25.719999313354492,389548.0,25.719999313354492,25.40999984741211,25.40999984741211
23-09-2014,24.979999542236328,25.329999923706055,290716.0,25.610000610351562,24.979999542236328,24.979999542236328
24-09-2014,24.904300689697266,25.0,360044.0,25.59000015258789,25.43000030517578,25.43000030517578
25-09-2014,24.6299991607666,25.260000228881836,320532.0,25.389999389648438,24.81999969482422,24.81999969482422
26-09-2014,24.559999465942383,25.06999969482422,315427.0,25.1299991607666,25.079999923706055,25.079999923706055
29-09-2014,24.709999084472656,25.309999465942383,390403.0,25.520000457763672,25.43000030517578,25.43000030517578
30-09-2014,25.110000610351562,25.43000030517578,885431.0,25.635000228881836,25.40999984741211,25.40999984741211
01-10-2014,25.1200008392334,25.399999618530273,1020141.0,25.770000457763672,25.219999313354492,25.219999313354492
02-10-2014,24.860000610351562,24.959999084472656,2252468.0,25.59000015258789,25.399999618530273,25.399999618530273
03-10-2014,25.40999984741211,25.68000030517578,659488.0,25.75,25.440000534057617,25.440000534057617
06-10-2014,25.040000915527344,25.549999237060547,397555.0,25.56999969482422,25.100000381469727,25.100000381469727
07-10-2014,24.479999542236328,24.889999389648438,577139.0,25.030000686645508,24.489999771118164,24.489999771118164
08-10-2014,24.079999923706055,24.434999465942383,481810.0,25.100000381469727,25.020000457763672,25.020000457763672
09-10-2014,24.389999389648438,24.760000228881836,638836.0,25.020000457763672,24.59000015258789,24.59000015258789
10-10-2014,22.440000534057617,24.6299991607666,1109736.0,24.6299991607666,22.440000534057617,22.440000534057617
13-10-2014,21.6200008392334,22.5,1127970.0,22.520000457763672,21.65999984741211,21.65999984741211
14-10-2014,21.3799991607666,21.75,880255.0,22.190000534057617,21.399999618530273,21.399999618530273
15-10-2014,20.610000610351562,20.917999267578125,1227081.0,22.520000457763672,22.34000015258789,22.34000015258789
16-10-2014,21.84000015258789,21.84000015258789,835517.0,22.780000686645508,22.440000534057617,22.440000534057617
17-10-2014,22.290000915527344,22.670000076293945,583348.0,22.989999771118164,22.34000015258789,22.34000015258789
20-10-2014,22.083999633789062,22.270000457763672,701129.0,23.049999237060547,23.040000915527344,23.040000915527344
21-10-2014,23.079999923706055,23.291000366210938,485820.0,23.8799991607666,23.579999923706055,23.579999923706055
22-10-2014,23.520000457763672,23.850000381469727,793084.0,24.100000381469727,23.719999313354492,23.719999313354492
23-10-2014,23.950000762939453,23.989999771118164,604896.0,24.809999465942383,24.43000030517578,24.43000030517578
24-10-2014,24.170000076293945,24.209999084472656,327949.0,24.709999084472656,24.559999465942383,24.559999465942383
27-10-2014,24.079999923706055,24.40999984741211,381765.0,24.579999923706055,24.489999771118164,24.489999771118164
28-10-2014,24.450000762939453,24.450000762939453,547912.0,25.299999237060547,25.280000686645508,25.280000686645508
29-10-2014,24.940000534057617,25.200000762939453,394227.0,25.579999923706055,25.350000381469727,25.350000381469727
30-10-2014,24.59000015258789,25.389999389648438,533942.0,25.399999618530273,25.1200008392334,25.1200008392334
31-10-2014,25.040000915527344,25.149999618530273,884277.0,26.239999771118164,26.06999969482422,26.06999969482422
03-11-2014,25.780000686645508,25.809999465942383,526158.0,26.360000610351562,25.899999618530273,25.899999618530273
04-11-2014,25.100000381469727,25.70009994506836,865139.0,25.940000534057617,25.290000915527344,25.290000915527344
05-11-2014,25.350000381469727,25.389999389648438,827427.0,26.31999969482422,26.219999313354492,26.219999313354492
06-11-2014,25.700000762939453,26.329999923706055,659712.0,26.459999084472656,25.969999313354492,25.969999313354492
07-11-2014,25.649999618530273,26.24250030517578,608705.0,26.510000228881836,26.469999313354492,26.469999313354492
10-11-2014,26.1299991607666,26.1299991607666,472138.0,27.100000381469727,27.040000915527344,27.040000915527344
11-11-2014,26.766000747680664,26.766000747680664,523398.0,27.149999618530273,27.1299991607666,27.1299991607666
12-11-2014,26.8700008392334,26.959999084472656,744405.0,27.469999313354492,27.31999969482422,27.31999969482422
13-11-2014,26.7549991607666,27.270000457763672,506607.0,27.360000610351562,26.799999237060547,26.799999237060547
14-11-2014,26.450000762939453,26.510000228881836,333558.0,27.110000610351562,26.90999984741211,26.90999984741211
17-11-2014,26.280000686645508,26.760000228881836,349408.0,26.999900817871094,26.579999923706055,26.579999923706055
18-11-2014,26.489999771118164,26.690000534057617,358383.0,26.979999542236328,26.850000381469727,26.850000381469727
19-11-2014,26.200000762939453,26.47249984741211,296523.0,26.829999923706055,26.479999542236328,26.479999542236328
20-11-2014,26.209999084472656,26.239999771118164,187163.0,26.709999084472656,26.610000610351562,26.610000610351562
21-11-2014,26.440000534057617,26.899999618530273,281007.0,26.979999542236328,26.579999923706055,26.579999923706055
24-11-2014,26.4950008392334,26.4950008392334,314198.0,27.020000457763672,27.010000228881836,27.010000228881836
25-11-2014,26.81999969482422,27.079999923706055,240319.0,27.280000686645508,26.93000030517578,26.93000030517578
26-11-2014,26.950000762939453,27.0,361895.0,27.5,27.459999084472656,27.459999084472656
28-11-2014,27.149999618530273,27.489999771118164,176976.0,27.649999618530273,27.200000762939453,27.200000762939453
01-12-2014,26.809999465942383,27.256000518798828,411344.0,27.3700008392334,26.969999313354492,26.969999313354492
02-12-2014,26.81999969482422,26.81999969482422,384130.0,27.889999389648438,27.850000381469727,27.850000381469727
03-12-2014,27.700000762939453,27.809999465942383,626489.0,28.940000534057617,28.809999465942383,28.809999465942383
04-12-2014,28.469999313354492,28.729999542236328,404539.0,29.100000381469727,28.6299991607666,28.6299991607666
05-12-2014,28.610000610351562,28.6200008392334,332042.0,29.1200008392334,29.010000228881836,29.010000228881836
08-12-2014,28.3799991607666,29.039899826049805,362214.0,29.049999237060547,28.530000686645508,28.530000686645508
09-12-2014,28.059999465942383,28.066099166870117,373029.0,29.219999313354492,29.18000030517578,29.18000030517578
10-12-2014,28.229999542236328,29.0,344735.0,29.260000228881836,28.34000015258789,28.34000015258789
11-12-2014,28.100000381469727,28.3799991607666,206832.0,28.790000915527344,28.30500030517578,28.30500030517578
12-12-2014,27.860000610351562,28.010000228881836,303572.0,28.379899978637695,27.860000610351562,27.860000610351562
15-12-2014,27.459999084472656,28.299999237060547,390969.0,28.299999237060547,27.719999313354492,27.719999313354492
16-12-2014,26.6200008392334,26.6200008392334,642972.0,27.850000381469727,27.149999618530273,27.149999618530273
17-12-2014,26.739999771118164,26.850000381469727,537648.0,27.959999084472656,27.920000076293945,27.920000076293945
18-12-2014,27.770000457763672,27.969999313354492,529345.0,28.450000762939453,28.110000610351562,28.110000610351562
19-12-2014,27.75,28.25,910974.0,28.25,27.889999389648438,27.889999389648438
22-12-2014,27.6299991607666,28.0,394525.0,28.799999237060547,28.639999389648438,28.639999389648438
23-12-2014,28.145000457763672,28.77989959716797,380674.0,29.149999618530273,28.239999771118164,28.239999771118164
24-12-2014,28.030000686645508,28.309999465942383,232771.0,28.809999465942383,28.610000610351562,28.610000610351562
26-12-2014,28.59000015258789,28.6299991607666,193255.0,28.920000076293945,28.860000610351562,28.860000610351562
29-12-2014,28.420000076293945,28.850000381469727,357991.0,28.989999771118164,28.709999084472656,28.709999084472656
30-12-2014,28.239999771118164,28.239999771118164,284587.0,28.530000686645508,28.40999984741211,28.40999984741211
31-12-2014,28.329999923706055,28.75,297814.0,28.920000076293945,28.3799991607666,28.3799991607666
02-01-2015,28.020000457763672,28.979999542236328,343461.0,28.979999542236328,28.469999313354492,28.469999313354492
05-01-2015,27.639999389648438,28.079999923706055,422650.0,28.610000610351562,27.899999618530273,27.899999618530273
06-01-2015,26.65999984741211,27.889999389648438,434025.0,28.0,26.829999923706055,26.829999923706055
07-01-2015,26.389999389648438,26.770000457763672,575232.0,27.770000457763672,27.0,27.0
08-01-2015,27.1200008392334,27.309999465942383,492346.0,27.90999984741211,27.709999084472656,27.709999084472656
09-01-2015,27.6200008392334,27.690000534057617,533026.0,28.229999542236328,28.020000457763672,28.020000457763672
12-01-2015,27.31999969482422,27.860000610351562,353650.0,28.270000457763672,27.780000686645508,27.780000686645508
13-01-2015,27.56999969482422,27.799999237060547,516686.0,28.780000686645508,27.8799991607666,27.8799991607666
14-01-2015,26.760000228881836,27.8799991607666,612066.0,27.979999542236328,26.8700008392334,26.8700008392334
15-01-2015,26.1200008392334,27.094999313354492,785426.0,27.170000076293945,26.15999984741211,26.15999984741211
16-01-2015,25.940000534057617,26.309999465942383,903054.0,26.65999984741211,26.6299991607666,26.6299991607666
20-01-2015,26.360000610351562,26.719999313354492,925784.0,26.899999618530273,26.530000686645508,26.530000686645508
21-01-2015,26.309999465942383,26.540000915527344,653447.0,27.1200008392334,27.030000686645508,27.030000686645508
22-01-2015,26.350000381469727,27.25,1702278.0,27.25,26.399999618530273,26.399999618530273
23-01-2015,25.360000610351562,25.899999618530273,2121570.0,28.5,27.799999237060547,27.799999237060547
26-01-2015,27.5,28.0,850283.0,28.389999389648438,28.270000457763672,28.270000457763672
27-01-2015,27.68000030517578,27.799999237060547,536139.0,28.44499969482422,28.0,28.0
28-01-2015,28.170000076293945,28.299999237060547,726633.0,28.829999923706055,28.170000076293945,28.170000076293945
29-01-2015,28.020000457763672,28.489999771118164,591510.0,28.780000686645508,28.75,28.75
30-01-2015,27.84000015258789,28.75,544189.0,29.0,27.860000610351562,27.860000610351562
02-02-2015,27.440000534057617,27.860000610351562,607336.0,28.5,28.440000534057617,28.440000534057617
03-02-2015,28.540000915527344,28.75,739896.0,29.649999618530273,29.579999923706055,29.579999923706055
04-02-2015,29.389999389648438,29.389999389648438,563033.0,29.950000762939453,29.579999923706055,29.579999923706055
05-02-2015,29.510000228881836,29.780000686645508,576789.0,29.940000534057617,29.690000534057617,29.690000534057617
06-02-2015,29.389999389648438,29.389999389648438,638948.0,29.950000762939453,29.639999389648438,29.639999389648438
09-02-2015,29.260000228881836,29.260000228881836,629235.0,29.950000762939453,29.56999969482422,29.56999969482422
10-02-2015,29.399999618530273,29.579999923706055,784371.0,30.0,29.93000030517578,29.93000030517578
11-02-2015,29.75,29.809999465942383,629989.0,30.165000915527344,30.059999465942383,30.059999465942383
12-02-2015,30.170000076293945,30.200000762939453,500357.0,30.850000381469727,30.809999465942383,30.809999465942383
13-02-2015,30.559999465942383,30.799999237060547,515901.0,30.989999771118164,30.8700008392334,30.8700008392334
17-02-2015,30.84000015258789,30.950000762939453,306389.0,31.190000534057617,30.979999542236328,30.979999542236328
18-02-2015,30.850000381469727,30.90999984741211,337744.0,31.18000030517578,31.1200008392334,31.1200008392334
19-02-2015,30.610000610351562,30.979999542236328,273453.0,31.1924991607666,31.139999389648438,31.139999389648438
20-02-2015,30.59000015258789,31.010000228881836,277071.0,31.190000534057617,31.139999389648438,31.139999389648438
23-02-2015,30.56999969482422,31.040000915527344,265532.0,31.1200008392334,31.030000686645508,31.030000686645508
24-02-2015,30.780000686645508,30.860000610351562,380846.0,31.68000030517578,31.5,31.5
25-02-2015,30.934999465942383,31.121999740600586,315037.0,31.489999771118164,31.1200008392334,31.1200008392334
26-02-2015,30.969999313354492,30.977500915527344,455389.0,31.899999618530273,31.84000015258789,31.84000015258789
27-02-2015,31.440000534057617,31.440000534057617,877601.0,32.36000061035156,32.2400016784668,32.2400016784668
02-03-2015,32.20000076293945,32.380001068115234,654074.0,33.33000183105469,33.31999969482422,33.31999969482422
03-03-2015,32.7599983215332,33.04999923706055,807813.0,33.290000915527344,33.11000061035156,33.11000061035156
04-03-2015,32.709999084472656,32.81999969482422,510966.0,33.47999954223633,33.20000076293945,33.20000076293945
05-03-2015,32.970001220703125,33.189998626708984,477088.0,33.400001525878906,33.310001373291016,33.310001373291016
06-03-2015,32.939998626708984,33.0880012512207,1144554.0,33.400001525878906,33.18000030517578,33.18000030517578
09-03-2015,33.0,33.13399887084961,279362.0,33.47999954223633,33.290000915527344,33.290000915527344
10-03-2015,32.93000030517578,33.27000045776367,383541.0,33.29999923706055,33.0,33.0
11-03-2015,32.915000915527344,33.220001220703125,563789.0,33.439998626708984,33.0,33.0
12-03-2015,32.5,32.5,680528.0,33.130001068115234,33.08000183105469,33.08000183105469
13-03-2015,32.599998474121094,32.84000015258789,418509.0,33.279998779296875,33.20000076293945,33.20000076293945
16-03-2015,33.290000915527344,33.4900016784668,448754.0,33.939998626708984,33.88999938964844,33.88999938964844
17-03-2015,33.529998779296875,33.59000015258789,656891.0,33.900001525878906,33.86000061035156,33.86000061035156
18-03-2015,34.0,35.0099983215332,947054.0,35.0099983215332,34.68000030517578,34.68000030517578
19-03-2015,34.529998779296875,34.68000030517578,1069483.0,36.79999923706055,36.68000030517578,36.68000030517578
20-03-2015,36.20000076293945,37.01599884033203,1393643.0,37.40999984741211,36.34000015258789,36.34000015258789
23-03-2015,36.22999954223633,36.9900016784668,647064.0,37.02000045776367,36.779998779296875,36.779998779296875
24-03-2015,36.560001373291016,36.63999938964844,568313.0,37.099998474121094,36.810001373291016,36.810001373291016
25-03-2015,35.0099983215332,36.650001525878906,618056.0,36.869998931884766,35.11000061035156,35.11000061035156
26-03-2015,34.05390167236328,34.400001525878906,599138.0,34.9900016784668,34.5,34.5
27-03-2015,34.095001220703125,34.45000076293945,890316.0,35.33000183105469,35.130001068115234,35.130001068115234
30-03-2015,35.20000076293945,35.40999984741211,351783.0,35.77000045776367,35.59000015258789,35.59000015258789
31-03-2015,35.04999923706055,35.316001892089844,283453.0,35.540000915527344,35.400001525878906,35.400001525878906
01-04-2015,34.58000183105469,35.41999816894531,246710.0,35.41999816894531,35.25,35.25
02-04-2015,35.15999984741211,35.349998474121094,257349.0,35.810001373291016,35.209999084472656,35.209999084472656
06-04-2015,34.70600128173828,34.70600128173828,301491.0,35.47999954223633,35.279998779296875,35.279998779296875
07-04-2015,34.95000076293945,35.56999969482422,311315.0,35.56999969482422,34.95000076293945,34.95000076293945
08-04-2015,34.84000015258789,34.939998626708984,467171.0,35.810001373291016,35.810001373291016,35.810001373291016
09-04-2015,35.34000015258789,35.56999969482422,399855.0,35.9900016784668,35.790000915527344,35.790000915527344
10-04-2015,35.52000045776367,35.88999938964844,224602.0,35.88999938964844,35.66999816894531,35.66999816894531
13-04-2015,35.189998626708984,35.679901123046875,317986.0,35.790000915527344,35.25,35.25
14-04-2015,34.86000061035156,35.58000183105469,427248.0,35.790000915527344,35.119998931884766,35.119998931884766
15-04-2015,35.150001525878906,35.369998931884766,347247.0,35.79999923706055,35.58000183105469,35.58000183105469
16-04-2015,35.13999938964844,35.150001525878906,450059.0,35.880001068115234,35.369998931884766,35.369998931884766
17-04-2015,34.52000045776367,35.09000015258789,389299.0,35.50400161743164,34.7599983215332,34.7599983215332
20-04-2015,34.779998779296875,34.79999923706055,316368.0,35.650001525878906,35.45000076293945,35.45000076293945
21-04-2015,35.380001068115234,35.66600036621094,308761.0,36.18000030517578,36.13999938964844,36.13999938964844
22-04-2015,35.4900016784668,36.22999954223633,204803.0,36.22999954223633,35.97999954223633,35.97999954223633
23-04-2015,35.33000183105469,36.0,525370.0,36.0,35.72999954223633,35.72999954223633
24-04-2015,32.04999923706055,36.2400016784668,1798372.0,36.25400161743164,32.400001525878906,32.400001525878906
27-04-2015,32.13999938964844,32.220001220703125,1208681.0,33.25,33.0099983215332,33.0099983215332
28-04-2015,32.7400016784668,33.5099983215332,608835.0,33.5099983215332,33.33000183105469,33.33000183105469
29-04-2015,33.11000061035156,33.27000045776367,461800.0,33.81999969482422,33.43000030517578,33.43000030517578
30-04-2015,33.20199966430664,33.428001403808594,885679.0,33.7400016784668,33.36000061035156,33.36000061035156
01-05-2015,33.40999984741211,33.82600021362305,694210.0,34.29999923706055,33.97999954223633,33.97999954223633
04-05-2015,33.75,34.189998626708984,437937.0,34.369998931884766,33.77000045776367,33.77000045776367
05-05-2015,32.65999984741211,33.66999816894531,392113.0,33.91999816894531,32.83000183105469,32.83000183105469
06-05-2015,32.59000015258789,33.0,392220.0,33.150001525878906,33.0,33.0
07-05-2015,32.9640007019043,32.9640007019043,438977.0,33.68000030517578,33.439998626708984,33.439998626708984
08-05-2015,33.150001525878906,33.15599822998047,305845.0,34.13999938964844,33.810001373291016,33.810001373291016
11-05-2015,33.83000183105469,33.880001068115234,221527.0,34.11000061035156,33.880001068115234,33.880001068115234
12-05-2015,33.189998626708984,33.62200164794922,238901.0,33.84000015258789,33.7599983215332,33.7599983215332
13-05-2015,33.470001220703125,33.77000045776367,472846.0,34.29999923706055,33.599998474121094,33.599998474121094
14-05-2015,33.45000076293945,33.599998474121094,833110.0,33.869998931884766,33.79999923706055,33.79999923706055
15-05-2015,33.540000915527344,34.349998474121094,370293.0,34.349998474121094,33.599998474121094,33.599998474121094
18-05-2015,33.5099983215332,33.84000015258789,931853.0,34.59000015258789,34.38999938964844,34.38999938964844
19-05-2015,34.22999954223633,34.529998779296875,543599.0,34.72999954223633,34.70000076293945,34.70000076293945
20-05-2015,34.59000015258789,34.77000045776367,440499.0,35.0,34.88999938964844,34.88999938964844
21-05-2015,34.630001068115234,34.959999084472656,387654.0,34.9900016784668,34.790000915527344,34.790000915527344
22-05-2015,34.70000076293945,34.88999938964844,460922.0,35.040000915527344,35.0099983215332,35.0099983215332
26-05-2015,34.20000076293945,34.81999969482422,288895.0,34.900001525878906,34.27000045776367,34.27000045776367
27-05-2015,34.349998474121094,34.47999954223633,632629.0,35.90999984741211,35.849998474121094,35.849998474121094
28-05-2015,35.349998474121094,35.349998474121094,1119399.0,36.14500045776367,36.11000061035156,36.11000061035156
29-05-2015,35.81999969482422,35.91999816894531,800170.0,36.7400016784668,36.38999938964844,36.38999938964844
01-06-2015,35.81999969482422,36.58700180053711,564149.0,36.65999984741211,36.43000030517578,36.43000030517578
02-06-2015,35.810001373291016,36.08000183105469,518216.0,36.54999923706055,36.08000183105469,36.08000183105469
03-06-2015,35.89799880981445,36.08000183105469,480337.0,36.2599983215332,36.060001373291016,36.060001373291016
04-06-2015,35.59000015258789,35.79999923706055,321153.0,36.060001373291016,35.849998474121094,35.849998474121094
05-06-2015,35.470001220703125,35.86000061035156,254812.0,36.22999954223633,36.220001220703125,36.220001220703125
08-06-2015,35.1349983215332,35.95000076293945,327668.0,36.11989974975586,35.2599983215332,35.2599983215332
09-06-2015,34.540000915527344,35.16999816894531,435950.0,35.439998626708984,35.02000045776367,35.02000045776367
10-06-2015,35.0,35.310001373291016,679473.0,36.349998474121094,36.25,36.25
11-06-2015,36.029998779296875,36.27000045776367,241896.0,36.40999984741211,36.290000915527344,36.290000915527344
12-06-2015,35.619998931884766,36.189998626708984,316225.0,36.2400016784668,36.15999984741211,36.15999984741211
15-06-2015,35.28499984741211,35.560001373291016,401518.0,36.45899963378906,36.27000045776367,36.27000045776367
16-06-2015,35.599998474121094,36.189998626708984,667416.0,36.34400177001953,35.709999084472656,35.709999084472656
17-06-2015,35.380001068115234,35.66999816894531,464780.0,36.029998779296875,35.70000076293945,35.70000076293945
18-06-2015,35.68000030517578,35.75,616189.0,36.880001068115234,36.5,36.5
19-06-2015,36.130001068115234,36.790000915527344,838166.0,36.790000915527344,36.130001068115234,36.130001068115234
22-06-2015,35.6349983215332,36.220001220703125,465585.0,36.487998962402344,36.119998931884766,36.119998931884766
23-06-2015,35.970001220703125,36.15999984741211,713748.0,36.630001068115234,36.599998474121094,36.599998474121094
24-06-2015,36.41999816894531,36.41999816894531,1065045.0,37.09000015258789,36.86000061035156,36.86000061035156
25-06-2015,36.86000061035156,36.91999816894531,539882.0,37.18000030517578,36.970001220703125,36.970001220703125
26-06-2015,36.2599983215332,36.849998474121094,1947320.0,37.040000915527344,36.66999816894531,36.66999816894531
29-06-2015,35.0,35.69599914550781,723933.0,36.529998779296875,35.060001373291016,35.060001373291016
30-06-2015,34.88999938964844,35.25,395030.0,35.47999954223633,34.95000076293945,34.95000076293945
01-07-2015,34.36000061035156,35.119998931884766,536404.0,35.150001525878906,34.7599983215332,34.7599983215332
02-07-2015,34.25,34.56999969482422,448400.0,34.779998779296875,34.459999084472656,34.459999084472656
06-07-2015,33.7599983215332,34.099998474121094,383217.0,34.75,34.029998779296875,34.029998779296875
07-07-2015,32.779998779296875,34.0099983215332,474518.0,34.0099983215332,33.880001068115234,33.880001068115234
08-07-2015,32.38999938964844,33.41999816894531,898487.0,33.650001525878906,32.70000076293945,32.70000076293945
09-07-2015,32.060001373291016,33.279998779296875,1202780.0,33.7599983215332,32.27000045776367,32.27000045776367
10-07-2015,32.54999923706055,32.619998931884766,472394.0,33.209999084472656,33.130001068115234,33.130001068115234
13-07-2015,32.84000015258789,33.25,272681.0,33.369998931884766,33.25,33.25
14-07-2015,33.189998626708984,33.209999084472656,238507.0,33.88999938964844,33.77000045776367,33.77000045776367
15-07-2015,32.95000076293945,33.7400016784668,365892.0,33.849998474121094,33.11000061035156,33.11000061035156
16-07-2015,32.87099838256836,33.29999923706055,764317.0,33.59000015258789,33.34000015258789,33.34000015258789
17-07-2015,32.665000915527344,33.33000183105469,383630.0,33.58000183105469,33.08000183105469,33.08000183105469
20-07-2015,32.95000076293945,33.290000915527344,333406.0,33.29999923706055,33.02000045776367,33.02000045776367
21-07-2015,32.93000030517578,32.93000030517578,385030.0,33.439998626708984,33.08000183105469,33.08000183105469
22-07-2015,31.270000457763672,32.56999969482422,974785.0,32.56999969482422,31.670000076293945,31.670000076293945
23-07-2015,31.979999542236328,31.979999542236328,1108305.0,33.939998626708984,32.720001220703125,32.720001220703125
24-07-2015,32.2400016784668,33.400001525878906,1019387.0,33.95000076293945,32.72999954223633,32.72999954223633
27-07-2015,31.69499969482422,32.349998474121094,732649.0,32.470001220703125,31.780000686645508,31.780000686645508
28-07-2015,31.097000122070312,31.81999969482422,824419.0,32.2599983215332,32.22999954223633,32.22999954223633
29-07-2015,31.8799991607666,32.13999938964844,618190.0,32.810001373291016,32.720001220703125,32.720001220703125
30-07-2015,32.40999984741211,32.529998779296875,523572.0,33.31999969482422,33.119998931884766,33.119998931884766
31-07-2015,32.63999938964844,33.189998626708984,563827.0,33.36000061035156,32.939998626708984,32.939998626708984
03-08-2015,32.47999954223633,33.11000061035156,510407.0,33.54999923706055,32.65999984741211,32.65999984741211
04-08-2015,32.0099983215332,32.59000015258789,488492.0,32.720001220703125,32.470001220703125,32.470001220703125
05-08-2015,32.63999938964844,32.63999938964844,476354.0,33.709999084472656,33.31999969482422,33.31999969482422
06-08-2015,32.540000915527344,33.439998626708984,331107.0,33.45000076293945,32.79999923706055,32.79999923706055
07-08-2015,32.52000045776367,32.540000915527344,262857.0,33.029998779296875,33.0,33.0
10-08-2015,33.310001373291016,33.369998931884766,503833.0,34.22999954223633,33.81999969482422,33.81999969482422
11-08-2015,32.790000915527344,33.22999954223633,385012.0,33.7400016784668,32.95000076293945,32.95000076293945
12-08-2015,32.10499954223633,32.529998779296875,450824.0,33.220001220703125,32.900001525878906,32.900001525878906
13-08-2015,32.709999084472656,33.0,352427.0,33.720001220703125,33.04999923706055,33.04999923706055
14-08-2015,32.5099983215332,32.81999969482422,356142.0,33.38999938964844,33.380001068115234,33.380001068115234
17-08-2015,32.90999984741211,33.150001525878906,349583.0,34.11000061035156,34.099998474121094,34.099998474121094
18-08-2015,32.619998931884766,33.869998931884766,263245.0,33.869998931884766,32.72999954223633,32.72999954223633
19-08-2015,32.15999984741211,32.529998779296875,423383.0,33.16999816894531,32.619998931884766,32.619998931884766
20-08-2015,30.700000762939453,32.15999984741211,465156.0,32.689998626708984,31.149999618530273,31.149999618530273
21-08-2015,30.309999465942383,30.559999465942383,575588.0,31.690000534057617,30.915000915527344,30.915000915527344
24-08-2015,28.239999771118164,28.969999313354492,1021023.0,31.260000228881836,29.540000915527344,29.540000915527344
25-08-2015,28.979999542236328,30.389999389648438,796291.0,30.649999618530273,29.030000686645508,29.030000686645508
26-08-2015,29.190000534057617,29.739999771118164,488226.0,30.690000534057617,30.600000381469727,30.600000381469727
27-08-2015,30.549999237060547,30.709999084472656,524341.0,31.8799991607666,31.770000457763672,31.770000457763672
28-08-2015,31.510000228881836,31.510000228881836,413836.0,32.18000030517578,31.940000534057617,31.940000534057617
31-08-2015,31.549999237060547,31.709999084472656,309416.0,32.290000915527344,31.760000228881836,31.760000228881836
01-09-2015,30.959999084472656,31.0,498503.0,31.540000915527344,31.1200008392334,31.1200008392334
02-09-2015,30.94499969482422,31.469999313354492,558657.0,31.922000885009766,31.549999237060547,31.549999237060547
03-09-2015,31.59000015258789,31.809999465942383,372693.0,32.439998626708984,32.20000076293945,32.20000076293945
04-09-2015,31.399999618530273,31.59000015258789,355982.0,32.150001525878906,31.559999465942383,31.559999465942383
08-09-2015,32.09000015258789,32.27000045776367,355649.0,33.06999969482422,32.790000915527344,32.790000915527344
09-09-2015,32.79999923706055,33.58000183105469,403646.0,33.834999084472656,33.18000030517578,33.18000030517578
10-09-2015,32.88999938964844,33.06999969482422,252615.0,33.650001525878906,33.220001220703125,33.220001220703125
11-09-2015,32.540000915527344,32.90999984741211,301047.0,33.31999969482422,33.2599983215332,33.2599983215332
14-09-2015,32.98640060424805,33.310001373291016,274965.0,33.56999969482422,33.13999938964844,33.13999938964844
15-09-2015,32.95000076293945,33.310001373291016,397308.0,33.689998626708984,33.290000915527344,33.290000915527344
16-09-2015,32.90999984741211,33.400001525878906,360209.0,33.400001525878906,33.2599983215332,33.2599983215332
17-09-2015,32.880001068115234,33.290000915527344,293992.0,33.52000045776367,33.040000915527344,33.040000915527344
18-09-2015,32.15999984741211,32.54999923706055,847199.0,32.95000076293945,32.25,32.25
21-09-2015,31.56999969482422,32.59000015258789,442266.0,32.83000183105469,31.93000030517578,31.93000030517578
22-09-2015,30.899999618530273,31.520000457763672,474685.0,31.520000457763672,31.260000228881836,31.260000228881836
23-09-2015,31.15999984741211,31.440000534057617,537675.0,31.940000534057617,31.700000762939453,31.700000762939453
24-09-2015,30.889999389648438,31.399999618530273,434525.0,31.81999969482422,31.6299991607666,31.6299991607666
25-09-2015,31.631999969482422,32.08000183105469,514681.0,32.650001525878906,32.2400016784668,32.2400016784668
28-09-2015,30.989999771118164,32.099998474121094,442359.0,32.45000076293945,31.010000228881836,31.010000228881836
29-09-2015,30.7549991607666,31.1200008392334,418950.0,31.6200008392334,31.540000915527344,31.540000915527344
30-09-2015,31.979999542236328,31.979999542236328,511724.0,32.83000183105469,32.81999969482422,32.81999969482422
01-10-2015,31.510000228881836,32.79999923706055,441975.0,32.880001068115234,32.209999084472656,32.209999084472656
02-10-2015,31.360000610351562,31.940000534057617,479219.0,33.11000061035156,33.099998474121094,33.099998474121094
05-10-2015,33.36000061035156,33.5099983215332,628628.0,34.20000076293945,34.029998779296875,34.029998779296875
06-10-2015,33.54999923706055,33.97999954223633,682651.0,34.68000030517578,34.349998474121094,34.349998474121094
07-10-2015,34.5,34.5099983215332,794632.0,35.79999923706055,35.65999984741211,35.65999984741211
08-10-2015,35.04999923706055,35.45000076293945,447261.0,36.06999969482422,36.06999969482422,36.06999969482422
09-10-2015,35.040000915527344,36.060001373291016,382692.0,36.060001373291016,35.27000045776367,35.27000045776367
12-10-2015,34.810001373291016,35.22999954223633,307721.0,35.22999954223633,35.13999938964844,35.13999938964844
13-10-2015,34.560001373291016,34.91999816894531,293622.0,35.369998931884766,34.59000015258789,34.59000015258789
14-10-2015,34.689998626708984,34.9900016784668,1213088.0,35.77000045776367,35.34000015258789,35.34000015258789
15-10-2015,35.369998931884766,35.709999084472656,1043710.0,36.900001525878906,36.52000045776367,36.52000045776367
16-10-2015,36.5,36.720001220703125,765605.0,37.68000030517578,37.36000061035156,37.36000061035156
19-10-2015,34.619998931884766,36.54999923706055,1520116.0,37.29999923706055,35.33000183105469,35.33000183105469
20-10-2015,34.310001373291016,35.52000045776367,891291.0,35.52000045776367,35.119998931884766,35.119998931884766
21-10-2015,34.89500045776367,35.31999969482422,657411.0,35.7400016784668,35.0,35.0
22-10-2015,35.04999923706055,35.349998474121094,475071.0,35.869998931884766,35.86000061035156,35.86000061035156
23-10-2015,35.65999984741211,36.11000061035156,547938.0,36.43000030517578,36.2599983215332,36.2599983215332
26-10-2015,35.580101013183594,36.220001220703125,473782.0,36.54999923706055,36.380001068115234,36.380001068115234
27-10-2015,35.599998474121094,35.91999816894531,602193.0,37.099998474121094,36.369998931884766,36.369998931884766
28-10-2015,36.2400016784668,36.5,1127113.0,37.060001373291016,37.04999923706055,37.04999923706055
29-10-2015,36.52000045776367,36.560001373291016,538940.0,37.470001220703125,36.779998779296875,36.779998779296875
30-10-2015,35.04999923706055,36.7599983215332,1993581.0,37.0099983215332,36.0099983215332,36.0099983215332
02-11-2015,35.849998474121094,36.0,634562.0,36.630001068115234,36.5099983215332,36.5099983215332
03-11-2015,35.94499969482422,36.099998474121094,868138.0,36.52000045776367,36.279998779296875,36.279998779296875
04-11-2015,36.28799819946289,36.560001373291016,693700.0,37.119998931884766,36.900001525878906,36.900001525878906
05-11-2015,36.77000045776367,37.16999816894531,567944.0,37.43000030517578,36.849998474121094,36.849998474121094
06-11-2015,36.119998931884766,37.560001373291016,1796886.0,39.560001373291016,38.65999984741211,38.65999984741211
09-11-2015,37.650001525878906,38.779998779296875,515758.0,38.89889907836914,37.939998626708984,37.939998626708984
10-11-2015,36.79999923706055,37.689998626708984,773294.0,37.96500015258789,36.90999984741211,36.90999984741211
11-11-2015,36.970001220703125,37.09000015258789,441625.0,38.220001220703125,36.9900016784668,36.9900016784668
12-11-2015,35.7599983215332,37.06999969482422,714706.0,37.72800064086914,35.900001525878906,35.900001525878906
13-11-2015,35.189998626708984,35.790000915527344,634882.0,35.86000061035156,35.45000076293945,35.45000076293945
16-11-2015,35.400001525878906,35.529998779296875,392686.0,36.15999984741211,36.150001525878906,36.150001525878906
17-11-2015,36.16999816894531,36.18000030517578,612510.0,37.4900016784668,36.7400016784668,36.7400016784668
18-11-2015,36.2599983215332,36.88999938964844,1208480.0,37.34000015258789,36.9900016784668,36.9900016784668
19-11-2015,36.41999816894531,36.75,665015.0,37.0,36.689998626708984,36.689998626708984
20-11-2015,36.689998626708984,36.97999954223633,637898.0,37.11000061035156,36.75,36.75
23-11-2015,36.189998626708984,36.630001068115234,340353.0,36.854000091552734,36.209999084472656,36.209999084472656
24-11-2015,33.060001373291016,34.779998779296875,4547841.0,34.827999114990234,33.869998931884766,33.869998931884766
25-11-2015,34.41999816894531,34.54999923706055,3027794.0,35.797698974609375,35.630001068115234,35.630001068115234
27-11-2015,35.529998779296875,35.91999816894531,691744.0,36.130001068115234,36.130001068115234,36.130001068115234
30-11-2015,35.849998474121094,36.279998779296875,1312949.0,36.31999969482422,36.0099983215332,36.0099983215332
01-12-2015,35.9900016784668,36.2400016784668,993125.0,36.630001068115234,36.599998474121094,36.599998474121094
02-12-2015,36.45880126953125,36.75,1005018.0,36.880001068115234,36.66999816894531,36.66999816894531
03-12-2015,36.31999969482422,37.09000015258789,1406096.0,37.099998474121094,36.59000015258789,36.59000015258789
04-12-2015,36.43000030517578,36.599998474121094,850830.0,37.41999816894531,37.34000015258789,37.34000015258789
07-12-2015,35.93000030517578,37.369998931884766,873468.0,37.369998931884766,36.119998931884766,36.119998931884766
08-12-2015,35.220001220703125,35.790000915527344,699313.0,36.060001373291016,36.0,36.0
09-12-2015,34.939998626708984,35.900001525878906,714937.0,36.15999984741211,34.97999954223633,34.97999954223633
10-12-2015,34.70000076293945,34.810001373291016,734962.0,35.68000030517578,35.22999954223633,35.22999954223633
11-12-2015,33.790000915527344,34.58000183105469,826630.0,34.880001068115234,33.95000076293945,33.95000076293945
14-12-2015,32.54010009765625,33.77000045776367,916860.0,34.029998779296875,32.91999816894531,32.91999816894531
15-12-2015,32.630001068115234,33.279998779296875,1200740.0,33.65999984741211,32.70000076293945,32.70000076293945
16-12-2015,31.969999313354492,32.31999969482422,1945396.0,32.88999938964844,32.84000015258789,32.84000015258789
17-12-2015,32.33000183105469,33.27000045776367,670001.0,34.22999954223633,32.34000015258789,32.34000015258789
18-12-2015,31.3700008392334,32.33000183105469,2279250.0,32.33000183105469,31.510000228881836,31.510000228881836
21-12-2015,31.5,31.829999923706055,926740.0,32.099998474121094,31.920000076293945,31.920000076293945
22-12-2015,31.520000457763672,32.119998931884766,482702.0,32.52000045776367,32.31999969482422,32.31999969482422
23-12-2015,32.2400016784668,32.4900016784668,525442.0,32.93000030517578,32.709999084472656,32.709999084472656
24-12-2015,32.595001220703125,32.61000061035156,283366.0,33.2599983215332,33.0,33.0
28-12-2015,32.560001373291016,32.779998779296875,533232.0,33.060001373291016,33.060001373291016,33.060001373291016
29-12-2015,33.060001373291016,33.22999954223633,703543.0,34.029998779296875,33.90999984741211,33.90999984741211
30-12-2015,33.380001068115234,33.91999816894531,466313.0,33.970001220703125,33.38999938964844,33.38999938964844
31-12-2015,32.58000183105469,33.310001373291016,600504.0,33.349998474121094,32.59000015258789,32.59000015258789
04-01-2016,31.280000686645508,32.029998779296875,902407.0,32.040000915527344,31.649999618530273,31.649999618530273
05-01-2016,30.850000381469727,31.65999984741211,816353.0,31.739999771118164,31.280000686645508,31.280000686645508
06-01-2016,30.354999542236328,30.770000457763672,683849.0,31.209999084472656,30.8700008392334,30.8700008392334
07-01-2016,29.334999084472656,30.25,1739413.0,30.25,29.690000534057617,29.690000534057617
08-01-2016,28.90999984741211,29.81999969482422,1439008.0,30.399999618530273,29.0,29.0
11-01-2016,29.360000610351562,29.360000610351562,1966782.0,30.969999313354492,30.850000381469727,30.850000381469727
12-01-2016,30.600000381469727,31.309999465942383,2111546.0,31.989999771118164,31.329999923706055,31.329999923706055
13-01-2016,30.8799991607666,31.75,2856692.0,32.41999816894531,30.979999542236328,30.979999542236328
14-01-2016,30.93000030517578,31.360000610351562,2561285.0,32.369998931884766,31.799999237060547,31.799999237060547
15-01-2016,29.770000457763672,30.790000915527344,15613357.0,31.040000915527344,29.770000457763672,29.770000457763672
19-01-2016,29.280000686645508,30.149999618530273,1514837.0,30.420000076293945,29.829999923706055,29.829999923706055
20-01-2016,29.0,29.479999542236328,1722236.0,30.420000076293945,30.0,30.0
21-01-2016,29.850000381469727,30.25,1554446.0,31.149999618530273,30.559999465942383,30.559999465942383
22-01-2016,30.434999465942383,31.09000015258789,1182227.0,31.59000015258789,31.5,31.5
25-01-2016,30.479999542236328,31.459999084472656,1108063.0,31.735000610351562,30.729999542236328,30.729999542236328
26-01-2016,30.399999618530273,30.780000686645508,1348529.0,31.0,30.959999084472656,30.959999084472656
27-01-2016,30.0,30.690000534057617,1167998.0,31.25,30.420000076293945,30.420000076293945
28-01-2016,29.950000762939453,30.6299991607666,1662694.0,30.834999084472656,30.40999984741211,30.40999984741211
29-01-2016,30.799999237060547,31.309999465942383,2739664.0,32.59000015258789,31.700000762939453,31.700000762939453
01-02-2016,30.020000457763672,31.389999389648438,1569579.0,31.75,31.329999923706055,31.329999923706055
02-02-2016,29.799999237060547,30.75,992019.0,30.850000381469727,29.889999389648438,29.889999389648438
03-02-2016,29.049999237060547,30.239999771118164,1478972.0,30.610000610351562,30.09000015258789,30.09000015258789
04-02-2016,30.0,30.040000915527344,1446477.0,31.219999313354492,31.139999389648438,31.139999389648438
05-02-2016,30.545000076293945,31.079999923706055,2444504.0,31.690000534057617,31.149999618530273,31.149999618530273
08-02-2016,29.560400009155273,30.469999313354492,2419596.0,31.040000915527344,30.799999237060547,30.799999237060547
09-02-2016,29.84000015258789,30.3799991607666,1319189.0,31.510000228881836,29.93000030517578,29.93000030517578
10-02-2016,30.0,30.15999984741211,1127997.0,31.43000030517578,30.190000534057617,30.190000534057617
11-02-2016,29.0,29.59000015258789,1282865.0,30.510000228881836,30.219999313354492,30.219999313354492
12-02-2016,29.889999389648438,30.559999465942383,766725.0,30.899999618530273,30.8799991607666,30.8799991607666
16-02-2016,30.674999237060547,31.309999465942383,1117362.0,32.654998779296875,32.439998626708984,32.439998626708984
17-02-2016,32.439998626708984,32.56999969482422,1234508.0,33.369998931884766,33.279998779296875,33.279998779296875
18-02-2016,32.52000045776367,33.40999984741211,612260.0,33.52000045776367,32.540000915527344,32.540000915527344
19-02-2016,31.40999984741211,32.41999816894531,1400656.0,33.09000015258789,32.43000030517578,32.43000030517578
22-02-2016,32.43000030517578,32.4900016784668,864204.0,33.290000915527344,33.27000045776367,33.27000045776367
23-02-2016,32.77000045776367,33.04999923706055,596723.0,33.439998626708984,32.779998779296875,32.779998779296875
24-02-2016,31.979999542236328,32.29999923706055,602390.0,33.33000183105469,33.2400016784668,33.2400016784668
25-02-2016,32.9900016784668,34.02000045776367,1612277.0,34.369998931884766,34.34000015258789,34.34000015258789
26-02-2016,33.959999084472656,34.400001525878906,1416461.0,34.95000076293945,34.459999084472656,34.459999084472656
29-02-2016,34.459999084472656,34.5,815828.0,35.45000076293945,34.630001068115234,34.630001068115234
01-03-2016,34.45000076293945,34.970001220703125,1144405.0,36.130001068115234,36.11000061035156,36.11000061035156
02-03-2016,35.57500076293945,35.93000030517578,985492.0,36.2599983215332,35.959999084472656,35.959999084472656
03-03-2016,35.56999969482422,35.959999084472656,769758.0,36.11000061035156,36.0,36.0
04-03-2016,35.63999938964844,36.150001525878906,652068.0,36.540000915527344,36.209999084472656,36.209999084472656
07-03-2016,34.68000030517578,35.529998779296875,1863612.0,36.04999923706055,35.349998474121094,35.349998474121094
08-03-2016,34.029998779296875,34.58000183105469,1217234.0,35.04999923706055,34.11000061035156,34.11000061035156
09-03-2016,33.95000076293945,34.380001068115234,926192.0,34.709999084472656,34.65999984741211,34.65999984741211
10-03-2016,34.099998474121094,34.81999969482422,706817.0,35.25,34.400001525878906,34.400001525878906
11-03-2016,34.470001220703125,34.79999923706055,988058.0,35.290000915527344,35.189998626708984,35.189998626708984
14-03-2016,34.529998779296875,35.06999969482422,620737.0,35.34000015258789,34.529998779296875,34.529998779296875
15-03-2016,33.77000045776367,34.400001525878906,851866.0,34.88999938964844,34.880001068115234,34.880001068115234
16-03-2016,34.435001373291016,34.70000076293945,1096162.0,36.13999938964844,35.88999938964844,35.88999938964844
17-03-2016,35.220001220703125,35.45000076293945,1181246.0,36.63999938964844,36.5,36.5
18-03-2016,36.500099182128906,36.790000915527344,1968506.0,37.33000183105469,37.16999816894531,37.16999816894531
21-03-2016,36.79999923706055,37.619998931884766,1190838.0,37.77000045776367,37.439998626708984,37.439998626708984
22-03-2016,36.90999984741211,37.380001068115234,1122199.0,37.7400016784668,37.58000183105469,37.58000183105469
23-03-2016,36.93000030517578,37.810001373291016,1169203.0,37.810001373291016,37.060001373291016,37.060001373291016
24-03-2016,36.79999923706055,36.83000183105469,3179320.0,38.779998779296875,38.540000915527344,38.540000915527344
28-03-2016,38.029998779296875,38.9900016784668,2090886.0,39.0,38.279998779296875,38.279998779296875
29-03-2016,37.900001525878906,38.400001525878906,1973329.0,39.0099983215332,38.79999923706055,38.79999923706055
30-03-2016,38.31999969482422,39.0,1329129.0,39.15999984741211,38.43000030517578,38.43000030517578
31-03-2016,38.040000915527344,38.279998779296875,821998.0,38.630001068115234,38.310001373291016,38.310001373291016
01-04-2016,37.70000076293945,37.939998626708984,721651.0,38.66999816894531,38.54999923706055,38.54999923706055
04-04-2016,37.869998931884766,38.4900016784668,567338.0,38.540000915527344,37.959999084472656,37.959999084472656
05-04-2016,37.29999923706055,37.59000015258789,825532.0,38.028900146484375,37.459999084472656,37.459999084472656
06-04-2016,36.630001068115234,37.380001068115234,1060004.0,37.90999984741211,37.83000183105469,37.83000183105469
07-04-2016,36.81999969482422,37.59000015258789,791738.0,37.75,37.11000061035156,37.11000061035156
08-04-2016,36.88999938964844,37.560001373291016,573337.0,37.665000915527344,37.189998626708984,37.189998626708984
11-04-2016,37.2599983215332,37.40999984741211,1180519.0,38.25,37.279998779296875,37.279998779296875
12-04-2016,35.43000030517578,37.220001220703125,1512986.0,37.60499954223633,36.650001525878906,36.650001525878906
13-04-2016,36.7400016784668,36.959999084472656,879269.0,37.810001373291016,37.56999969482422,37.56999969482422
14-04-2016,36.900001525878906,37.369998931884766,494942.0,37.70000076293945,37.41999816894531,37.41999816894531
15-04-2016,36.73500061035156,37.2599983215332,665893.0,37.91999816894531,37.0099983215332,37.0099983215332
18-04-2016,36.189998626708984,36.75,426865.0,37.150001525878906,37.029998779296875,37.029998779296875
19-04-2016,36.209999084472656,37.029998779296875,469621.0,37.06800079345703,36.599998474121094,36.599998474121094
20-04-2016,36.2400016784668,36.45000076293945,577975.0,37.279998779296875,37.13999938964844,37.13999938964844
21-04-2016,36.560001373291016,37.040000915527344,736127.0,37.54999923706055,36.65999984741211,36.65999984741211
22-04-2016,36.560001373291016,36.560001373291016,561706.0,37.38999938964844,37.0099983215332,37.0099983215332
25-04-2016,36.380001068115234,36.900001525878906,706268.0,37.2400016784668,36.439998626708984,36.439998626708984
26-04-2016,36.689998626708984,36.689998626708984,1026985.0,37.81999969482422,36.959999084472656,36.959999084472656
27-04-2016,36.630001068115234,36.630001068115234,574864.0,37.5,37.38999938964844,37.38999938964844
28-04-2016,36.04999923706055,36.91999816894531,723089.0,37.470001220703125,36.18000030517578,36.18000030517578
29-04-2016,32.90999984741211,34.5,2925156.0,35.68000030517578,33.790000915527344,33.790000915527344
02-05-2016,33.09000015258789,33.970001220703125,1722237.0,33.970001220703125,33.79999923706055,33.79999923706055
03-05-2016,32.95009994506836,33.5,1019210.0,33.720001220703125,33.27000045776367,33.27000045776367
04-05-2016,32.400001525878906,32.970001220703125,960376.0,33.40999984741211,32.4900016784668,32.4900016784668
05-05-2016,32.310001373291016,32.849998474121094,739804.0,33.119998931884766,32.47999954223633,32.47999954223633
06-05-2016,31.700000762939453,32.20000076293945,995182.0,32.59000015258789,32.560001373291016,32.560001373291016
09-05-2016,32.2400016784668,32.529998779296875,586257.0,33.130001068115234,32.31999969482422,32.31999969482422
10-05-2016,32.21500015258789,32.4900016784668,827080.0,32.7599983215332,32.58000183105469,32.58000183105469
11-05-2016,32.45000076293945,32.599998474121094,833165.0,33.16999816894531,32.619998931884766,32.619998931884766
12-05-2016,31.059999465942383,32.72999954223633,1117862.0,32.7599983215332,31.43000030517578,31.43000030517578
13-05-2016,31.110000610351562,31.469999313354492,778495.0,32.09000015258789,31.329999923706055,31.329999923706055
16-05-2016,31.31999969482422,31.31999969482422,869984.0,32.15999984741211,31.799999237060547,31.799999237060547
17-05-2016,31.040000915527344,31.75,1269646.0,32.18000030517578,31.229999542236328,31.229999542236328
18-05-2016,30.672000885009766,31.149999618530273,811099.0,32.09000015258789,31.59000015258789,31.59000015258789
19-05-2016,31.09000015258789,31.780000686645508,1087861.0,32.23500061035156,31.559999465942383,31.559999465942383
20-05-2016,31.799999237060547,31.799999237060547,834891.0,32.599998474121094,32.45000076293945,32.45000076293945
23-05-2016,31.610000610351562,32.59000015258789,1042897.0,33.11000061035156,32.349998474121094,32.349998474121094
24-05-2016,32.68000030517578,32.689998626708984,1065147.0,33.599998474121094,33.34000015258789,33.34000015258789
25-05-2016,33.14889907836914,33.5099983215332,623008.0,33.54999923706055,33.34000015258789,33.34000015258789
26-05-2016,33.119998931884766,33.20000076293945,808406.0,33.75,33.369998931884766,33.369998931884766
27-05-2016,33.310001373291016,33.310001373291016,586177.0,33.91999816894531,33.4900016784668,33.4900016784668
31-05-2016,33.52000045776367,33.66999816894531,976052.0,33.900001525878906,33.83000183105469,33.83000183105469
01-06-2016,33.369998931884766,33.529998779296875,846437.0,33.900001525878906,33.810001373291016,33.810001373291016
02-06-2016,33.34000015258789,33.58000183105469,619067.0,33.91999816894531,33.54999923706055,33.54999923706055
03-06-2016,33.130001068115234,33.61000061035156,673186.0,33.630001068115234,33.56999969482422,33.56999969482422
06-06-2016,33.56999969482422,33.7599983215332,866677.0,34.099998474121094,33.91999816894531,33.91999816894531
07-06-2016,33.880001068115234,34.11000061035156,944626.0,34.400001525878906,34.31999969482422,34.31999969482422
08-06-2016,33.880001068115234,34.290000915527344,498407.0,34.36000061035156,34.099998474121094,34.099998474121094
09-06-2016,33.599998474121094,33.779998779296875,863745.0,34.40999984741211,34.11000061035156,34.11000061035156
10-06-2016,33.150001525878906,33.27000045776367,748736.0,33.97999954223633,33.31999969482422,33.31999969482422
13-06-2016,33.119998931884766,33.119998931884766,1148297.0,34.09000015258789,33.79999923706055,33.79999923706055
14-06-2016,33.45000076293945,33.7400016784668,1380223.0,34.130001068115234,33.95000076293945,33.95000076293945
15-06-2016,33.790000915527344,34.130001068115234,586340.0,34.22999954223633,33.849998474121094,33.849998474121094
16-06-2016,32.86000061035156,33.41999816894531,863964.0,33.72999954223633,33.650001525878906,33.650001525878906
17-06-2016,32.58000183105469,33.650001525878906,1464873.0,33.650001525878906,32.869998931884766,32.869998931884766
20-06-2016,33.27000045776367,33.43000030517578,713726.0,34.130001068115234,33.38999938964844,33.38999938964844
21-06-2016,33.130001068115234,33.5,558821.0,33.599998474121094,33.459999084472656,33.459999084472656
22-06-2016,33.2599983215332,33.5,590467.0,34.119998931884766,33.29999923706055,33.29999923706055
23-06-2016,33.77000045776367,33.79999923706055,1305865.0,34.560001373291016,34.310001373291016,34.310001373291016
24-06-2016,31.690000534057617,32.5,2332019.0,33.15999984741211,31.75,31.75
27-06-2016,29.68000030517578,31.309999465942383,2096356.0,31.309999465942383,30.149999618530273,30.149999618530273
28-06-2016,30.0,30.510000228881836,1137616.0,31.290000915527344,30.940000534057617,30.940000534057617
29-06-2016,30.34040069580078,31.450000762939453,771160.0,31.635000228881836,31.360000610351562,31.360000610351562
30-06-2016,31.540000915527344,31.540000915527344,1437034.0,32.77000045776367,32.68000030517578,32.68000030517578
01-07-2016,32.2400016784668,32.380001068115234,574395.0,32.86000061035156,32.36000061035156,32.36000061035156
05-07-2016,31.18000030517578,32.0,654225.0,32.36000061035156,31.399999618530273,31.399999618530273
06-07-2016,30.68000030517578,31.09000015258789,842143.0,31.93000030517578,31.790000915527344,31.790000915527344
07-07-2016,31.860000610351562,31.860000610351562,661984.0,32.529998779296875,32.36000061035156,32.36000061035156
08-07-2016,32.56999969482422,32.90999984741211,1401922.0,33.97999954223633,33.6150016784668,33.6150016784668
11-07-2016,33.810001373291016,33.880001068115234,800036.0,34.2599983215332,34.04999923706055,34.04999923706055
12-07-2016,33.939998626708984,34.52000045776367,1055315.0,34.7599983215332,34.25,34.25
13-07-2016,34.0,34.470001220703125,659411.0,34.720001220703125,34.0099983215332,34.0099983215332
14-07-2016,33.755001068115234,34.36000061035156,776932.0,34.36000061035156,34.130001068115234,34.130001068115234
15-07-2016,33.709999084472656,34.20000076293945,783282.0,34.2599983215332,33.880001068115234,33.880001068115234
18-07-2016,33.86000061035156,34.04999923706055,871492.0,34.29999923706055,34.209999084472656,34.209999084472656
19-07-2016,34.11000061035156,34.13999938964844,366795.0,34.459999084472656,34.36000061035156,34.36000061035156
20-07-2016,34.470001220703125,34.61000061035156,531309.0,34.98500061035156,34.7400016784668,34.7400016784668
21-07-2016,34.22999954223633,34.79999923706055,701639.0,34.9900016784668,34.33000183105469,34.33000183105469
22-07-2016,33.63999938964844,34.13999938964844,540876.0,34.744998931884766,34.720001220703125,34.720001220703125
25-07-2016,34.779998779296875,34.779998779296875,853415.0,35.150001525878906,34.9900016784668,34.9900016784668
26-07-2016,34.97999954223633,35.15999984741211,1829191.0,36.619998931884766,36.29999923706055,36.29999923706055
27-07-2016,36.060001373291016,36.56999969482422,1192967.0,36.72999954223633,36.11000061035156,36.11000061035156
28-07-2016,35.220001220703125,35.54999923706055,1651872.0,36.630001068115234,36.20000076293945,36.20000076293945
29-07-2016,37.1254997253418,37.9900016784668,2883165.0,39.19499969482422,39.0,39.0
01-08-2016,38.54999923706055,39.0,1400273.0,39.31999969482422,38.95000076293945,38.95000076293945
02-08-2016,37.7400016784668,38.709999084472656,913710.0,38.869998931884766,37.9900016784668,37.9900016784668
03-08-2016,37.874000549316406,37.97999954223633,815273.0,38.38999938964844,38.29999923706055,38.29999923706055
04-08-2016,38.2400016784668,38.25,712937.0,38.709999084472656,38.400001525878906,38.400001525878906
05-08-2016,38.45000076293945,38.630001068115234,1178433.0,39.369998931884766,39.18000030517578,39.18000030517578
08-08-2016,38.7599983215332,39.310001373291016,1333327.0,39.39500045776367,39.08000183105469,39.08000183105469
09-08-2016,39.13999938964844,39.209999084472656,797362.0,39.52000045776367,39.38999938964844,39.38999938964844
10-08-2016,38.900001525878906,39.380001068115234,554149.0,39.439998626708984,39.130001068115234,39.130001068115234
11-08-2016,39.18000030517578,39.41999816894531,864376.0,39.77000045776367,39.7400016784668,39.7400016784668
12-08-2016,39.56999969482422,39.650001525878906,637731.0,39.939998626708984,39.779998779296875,39.779998779296875
15-08-2016,39.810001373291016,39.959999084472656,1189238.0,40.2599983215332,39.849998474121094,39.849998474121094
16-08-2016,39.439998626708984,39.84000015258789,770147.0,39.880001068115234,39.470001220703125,39.470001220703125
17-08-2016,39.099998474121094,39.369998931884766,506278.0,39.650001525878906,39.5099983215332,39.5099983215332
18-08-2016,39.5099983215332,39.5099983215332,394681.0,39.900001525878906,39.7400016784668,39.7400016784668
19-08-2016,39.63999938964844,39.720001220703125,561724.0,40.52000045776367,40.099998474121094,40.099998474121094
22-08-2016,38.95000076293945,39.90999984741211,676036.0,40.470001220703125,40.40999984741211,40.40999984741211
23-08-2016,40.459999084472656,40.77000045776367,641843.0,40.77000045776367,40.65999984741211,40.65999984741211
24-08-2016,40.2400016784668,40.56999969482422,551591.0,40.86000061035156,40.380001068115234,40.380001068115234
25-08-2016,40.060001373291016,40.209999084472656,821843.0,40.349998474121094,40.20000076293945,40.20000076293945
26-08-2016,39.47999954223633,40.18000030517578,1179398.0,40.5,39.709999084472656,39.709999084472656
29-08-2016,39.75,39.880001068115234,555974.0,40.150001525878906,39.83000183105469,39.83000183105469
30-08-2016,39.92499923706055,40.04999923706055,469491.0,40.650001525878906,40.189998626708984,40.189998626708984
31-08-2016,39.66999816894531,40.22999954223633,754257.0,40.32400131225586,39.959999084472656,39.959999084472656
01-09-2016,39.630001068115234,40.060001373291016,816455.0,40.47999954223633,40.38999938964844,40.38999938964844
02-09-2016,39.900001525878906,40.220001220703125,810885.0,40.61000061035156,40.11000061035156,40.11000061035156
06-09-2016,39.470001220703125,40.20000076293945,832805.0,40.5,39.689998626708984,39.689998626708984
07-09-2016,39.150001525878906,39.81999969482422,847908.0,39.999900817871094,39.36000061035156,39.36000061035156
08-09-2016,39.5,39.72999954223633,1609729.0,40.77000045776367,40.72999954223633,40.72999954223633
09-09-2016,39.0099983215332,40.459999084472656,1251794.0,40.70000076293945,39.0099983215332,39.0099983215332
12-09-2016,38.630001068115234,38.93000030517578,885688.0,40.2599983215332,40.2400016784668,40.2400016784668
13-09-2016,39.40999984741211,39.939998626708984,788626.0,40.380001068115234,39.56999969482422,39.56999969482422
14-09-2016,39.130001068115234,39.58000183105469,1010767.0,39.8849983215332,39.52000045776367,39.52000045776367
15-09-2016,39.33000183105469,39.470001220703125,1170467.0,41.029998779296875,40.93000030517578,40.93000030517578
16-09-2016,40.52000045776367,41.220001220703125,2238908.0,41.5,41.060001373291016,41.060001373291016
19-09-2016,41.220001220703125,41.41999816894531,764354.0,42.11000061035156,41.349998474121094,41.349998474121094
20-09-2016,40.560001373291016,41.81999969482422,768326.0,41.81999969482422,40.619998931884766,40.619998931884766
21-09-2016,40.47999954223633,40.869998931884766,681678.0,41.20000076293945,41.130001068115234,41.130001068115234
22-09-2016,41.29999923706055,41.349998474121094,1233608.0,42.165000915527344,42.11000061035156,42.11000061035156
23-09-2016,40.849998474121094,41.84000015258789,898377.0,42.064998626708984,40.959999084472656,40.959999084472656
26-09-2016,40.209999084472656,40.81999969482422,551947.0,40.92499923706055,40.2400016784668,40.2400016784668
27-09-2016,39.7599983215332,40.13999938964844,859777.0,40.915000915527344,40.88999938964844,40.88999938964844
28-09-2016,40.52000045776367,40.939998626708984,681873.0,41.310001373291016,41.08000183105469,41.08000183105469
29-09-2016,40.15999984741211,40.88999938964844,814619.0,41.2599983215332,40.869998931884766,40.869998931884766
30-09-2016,41.0099983215332,41.18000030517578,1499307.0,42.189998626708984,41.97999954223633,41.97999954223633
03-10-2016,41.18000030517578,41.75,860014.0,42.02000045776367,41.380001068115234,41.380001068115234
04-10-2016,41.029998779296875,41.38999938964844,453169.0,41.81999969482422,41.310001373291016,41.310001373291016
05-10-2016,41.09000015258789,41.45000076293945,611517.0,42.04899978637695,41.90999984741211,41.90999984741211
06-10-2016,41.52000045776367,41.95000076293945,828179.0,42.63999938964844,42.41999816894531,42.41999816894531
07-10-2016,41.34000015258789,42.36000061035156,918354.0,42.36000061035156,41.59000015258789,41.59000015258789
10-10-2016,40.7599983215332,41.790000915527344,1013868.0,42.15999984741211,40.790000915527344,40.790000915527344
11-10-2016,38.72999954223633,40.43000030517578,1311009.0,40.444000244140625,39.02000045776367,39.02000045776367
12-10-2016,38.31999969482422,39.0,1137022.0,39.0,38.47999954223633,38.47999954223633
13-10-2016,37.11000061035156,38.029998779296875,1118716.0,38.16999816894531,38.02000045776367,38.02000045776367
14-10-2016,37.9900016784668,38.150001525878906,839942.0,38.68000030517578,38.0099983215332,38.0099983215332
17-10-2016,37.650001525878906,37.880001068115234,441856.0,38.099998474121094,37.72999954223633,37.72999954223633
18-10-2016,37.900001525878906,38.209999084472656,694348.0,38.38999938964844,37.91999816894531,37.91999816894531
19-10-2016,37.29999923706055,37.65999984741211,718510.0,38.130001068115234,38.08000183105469,38.08000183105469
20-10-2016,37.709999084472656,37.83000183105469,948693.0,38.35350036621094,38.2599983215332,38.2599983215332
21-10-2016,37.720001220703125,38.060001373291016,3680502.0,40.7599983215332,39.43000030517578,39.43000030517578
24-10-2016,39.459999084472656,39.970001220703125,1256656.0,40.4900016784668,40.36000061035156,40.36000061035156
25-10-2016,40.029998779296875,40.36000061035156,716405.0,40.689998626708984,40.2400016784668,40.2400016784668
26-10-2016,39.9900016784668,39.9900016784668,2354726.0,42.2599983215332,42.0,42.0
27-10-2016,41.939998626708984,42.08000183105469,1422527.0,42.33000183105469,42.13999938964844,42.13999938964844
28-10-2016,41.97999954223633,42.20000076293945,1243131.0,42.52000045776367,42.060001373291016,42.060001373291016
31-10-2016,41.94499969482422,42.119998931884766,1123201.0,42.40999984741211,42.130001068115234,42.130001068115234
01-11-2016,41.13999938964844,42.13999938964844,1369737.0,42.6349983215332,41.959999084472656,41.959999084472656
02-11-2016,41.42490005493164,41.959999084472656,969157.0,42.369998931884766,41.83000183105469,41.83000183105469
03-11-2016,45.91999816894531,47.2599983215332,6228218.0,50.0,47.9900016784668,47.9900016784668
04-11-2016,46.34000015258789,47.47999954223633,2239258.0,47.93000030517578,46.59000015258789,46.59000015258789
07-11-2016,46.750099182128906,47.540000915527344,1763269.0,48.02000045776367,47.84000015258789,47.84000015258789
08-11-2016,46.369998931884766,47.58000183105469,1924291.0,47.6974983215332,46.720001220703125,46.720001220703125
09-11-2016,45.5099983215332,45.68000030517578,1884910.0,48.290000915527344,47.9900016784668,47.9900016784668
10-11-2016,46.79999923706055,48.84000015258789,3243087.0,49.33000183105469,47.86000061035156,47.86000061035156
11-11-2016,48.13999938964844,50.43000030517578,3718967.0,52.099998474121094,51.099998474121094,51.099998474121094
14-11-2016,50.7400016784668,51.22999954223633,2253258.0,52.2400016784668,51.63999938964844,51.63999938964844
15-11-2016,51.27000045776367,51.27000045776367,1309566.0,53.38999938964844,53.029998779296875,53.029998779296875
16-11-2016,52.904998779296875,52.93000030517578,1146406.0,54.15999984741211,53.95000076293945,53.95000076293945
17-11-2016,53.529998779296875,54.25,1396286.0,54.95000076293945,54.459999084472656,54.459999084472656
18-11-2016,53.90999984741211,54.31999969482422,1558856.0,54.689998626708984,54.29999923706055,54.29999923706055
21-11-2016,54.040000915527344,54.470001220703125,1343400.0,55.720001220703125,54.95000076293945,54.95000076293945
22-11-2016,54.959999084472656,55.56999969482422,1885188.0,56.72999954223633,55.63999938964844,55.63999938964844
23-11-2016,55.06999969482422,55.470001220703125,1318363.0,56.119998931884766,55.849998474121094,55.849998474121094
25-11-2016,55.45000076293945,55.88999938964844,477716.0,56.18000030517578,56.13999938964844,56.13999938964844
28-11-2016,55.56999969482422,55.93000030517578,1069101.0,56.630001068115234,55.939998626708984,55.939998626708984
29-11-2016,54.8650016784668,56.2599983215332,1733444.0,56.2599983215332,55.06999969482422,55.06999969482422
30-11-2016,54.75,55.18000030517578,1028676.0,55.689998626708984,54.75,54.75
01-12-2016,52.029998779296875,54.7599983215332,2282118.0,54.849998474121094,52.630001068115234,52.630001068115234
02-12-2016,52.185001373291016,52.47999954223633,1320364.0,53.45000076293945,52.95000076293945,52.95000076293945
05-12-2016,53.0099983215332,53.529998779296875,1073002.0,53.83000183105469,53.400001525878906,53.400001525878906
06-12-2016,53.41999816894531,53.41999816894531,750441.0,54.689998626708984,54.45000076293945,54.45000076293945
07-12-2016,54.22999954223633,54.5099983215332,2000730.0,55.9900016784668,55.68000030517578,55.68000030517578
08-12-2016,55.43000030517578,55.900001525878906,975770.0,57.31999969482422,56.720001220703125,56.720001220703125
09-12-2016,55.68000030517578,57.22999954223633,987171.0,57.22999954223633,55.720001220703125,55.720001220703125
12-12-2016,53.88999938964844,55.310001373291016,1215765.0,55.79999923706055,54.34000015258789,54.34000015258789
13-12-2016,54.619998931884766,54.84000015258789,662092.0,55.560001373291016,55.189998626708984,55.189998626708984
14-12-2016,54.279998779296875,54.939998626708984,891669.0,55.52000045776367,54.70000076293945,54.70000076293945
15-12-2016,54.595001220703125,54.720001220703125,854710.0,56.86000061035156,56.0099983215332,56.0099983215332
16-12-2016,55.400001525878906,56.279998779296875,1678785.0,56.86000061035156,55.4900016784668,55.4900016784668
19-12-2016,55.0099983215332,55.15999984741211,663998.0,56.0099983215332,55.86000061035156,55.86000061035156
20-12-2016,55.880001068115234,56.34000015258789,913013.0,57.239601135253906,56.790000915527344,56.790000915527344
21-12-2016,56.25,56.619998931884766,633271.0,56.869998931884766,56.31999969482422,56.31999969482422
22-12-2016,55.56999969482422,56.369998931884766,593661.0,56.6775016784668,55.7599983215332,55.7599983215332
23-12-2016,55.63999938964844,55.779998779296875,449902.0,56.38999938964844,56.150001525878906,56.150001525878906
27-12-2016,55.95000076293945,56.09000015258789,620789.0,56.939998626708984,56.189998626708984,56.189998626708984
28-12-2016,54.880001068115234,56.349998474121094,660616.0,56.439998626708984,55.2400016784668,55.2400016784668
29-12-2016,54.72999954223633,55.099998474121094,675698.0,55.61000061035156,55.290000915527344,55.290000915527344
30-12-2016,53.70000076293945,55.5,861082.0,56.04999923706055,53.970001220703125,53.970001220703125
03-01-2017,54.150001525878906,54.66999816894531,946256.0,56.0,54.58000183105469,54.58000183105469
04-01-2017,53.119998931884766,53.15999984741211,1446698.0,55.41999816894531,55.33000183105469,55.33000183105469
05-01-2017,54.7400016784668,55.31999969482422,1085028.0,56.18000030517578,55.06999969482422,55.06999969482422
06-01-2017,54.68000030517578,55.040000915527344,1091797.0,55.68000030517578,55.310001373291016,55.310001373291016
09-01-2017,54.56999969482422,55.130001068115234,819775.0,56.0,55.63999938964844,55.63999938964844
10-01-2017,55.689998626708984,55.86000061035156,935806.0,56.65999984741211,56.349998474121094,56.349998474121094
11-01-2017,55.95000076293945,56.459999084472656,1250647.0,57.970001220703125,57.25,57.25
12-01-2017,54.900001525878906,57.08000183105469,1221446.0,57.08000183105469,55.959999084472656,55.959999084472656
13-01-2017,55.790000915527344,56.2400016784668,1002209.0,56.849998474121094,56.27000045776367,56.27000045776367
17-01-2017,54.41999816894531,55.90999984741211,1221218.0,56.18000030517578,54.56999969482422,54.56999969482422
18-01-2017,54.529998779296875,54.709999084472656,1424648.0,56.06999969482422,55.470001220703125,55.470001220703125
19-01-2017,54.939998626708984,55.25,1155720.0,56.279998779296875,55.130001068115234,55.130001068115234
20-01-2017,55.11000061035156,55.22999954223633,1558334.0,56.83000183105469,56.560001373291016,56.560001373291016
23-01-2017,55.52000045776367,56.400001525878906,1242815.0,57.0,55.7599983215332,55.7599983215332
24-01-2017,55.0,55.95000076293945,1438326.0,56.0,55.5,55.5
25-01-2017,55.97999954223633,56.130001068115234,771385.0,56.96500015258789,56.369998931884766,56.369998931884766
26-01-2017,55.8650016784668,56.720001220703125,1590172.0,56.97999954223633,56.560001373291016,56.560001373291016
27-01-2017,54.33000183105469,55.7400016784668,2135877.0,56.25,55.63999938964844,55.63999938964844
30-01-2017,53.619998931884766,55.18000030517578,1720345.0,55.220001220703125,54.38999938964844,54.38999938964844
31-01-2017,52.310001373291016,54.2400016784668,2067964.0,54.2400016784668,53.150001525878906,53.150001525878906
01-02-2017,52.75,53.83000183105469,1266457.0,54.7400016784668,53.54999923706055,53.54999923706055
02-02-2017,52.619998931884766,53.16999816894531,1125615.0,54.099998474121094,53.5,53.5
03-02-2017,53.79999923706055,53.79999923706055,854503.0,54.790000915527344,54.54999923706055,54.54999923706055
06-02-2017,53.400001525878906,54.22999954223633,595459.0,54.5,54.15999984741211,54.15999984741211
07-02-2017,53.81999969482422,54.310001373291016,761869.0,54.79999923706055,54.4900016784668,54.4900016784668
08-02-2017,53.220001220703125,54.560001373291016,1147211.0,54.880001068115234,53.349998474121094,53.349998474121094
09-02-2017,53.060001373291016,53.369998931884766,1085230.0,54.01499938964844,53.68000030517578,53.68000030517578
10-02-2017,52.75,54.0099983215332,792611.0,54.0099983215332,53.45000076293945,53.45000076293945
13-02-2017,52.977298736572266,53.7400016784668,1136650.0,53.93000030517578,53.22999954223633,53.22999954223633
14-02-2017,52.689998626708984,53.220001220703125,618415.0,53.630001068115234,53.31999969482422,53.31999969482422
15-02-2017,53.130001068115234,53.41999816894531,863972.0,54.380001068115234,54.22999954223633,54.22999954223633
16-02-2017,53.529998779296875,54.36000061035156,490977.0,54.724998474121094,53.939998626708984,53.939998626708984
17-02-2017,53.25,53.79999923706055,633806.0,54.27000045776367,54.2599983215332,54.2599983215332
21-02-2017,53.81999969482422,54.189998626708984,595981.0,54.9900016784668,54.33000183105469,54.33000183105469
22-02-2017,53.86000061035156,54.29999923706055,410826.0,54.43000030517578,54.310001373291016,54.310001373291016
23-02-2017,53.290000915527344,54.220001220703125,794888.0,54.369998931884766,53.4900016784668,53.4900016784668
24-02-2017,52.5,52.529998779296875,741512.0,53.4900016784668,53.13999938964844,53.13999938964844
27-02-2017,52.79999923706055,53.16999816894531,870256.0,53.77000045776367,53.630001068115234,53.630001068115234
28-02-2017,51.790000915527344,53.4900016784668,1032057.0,53.4900016784668,51.81999969482422,51.81999969482422
01-03-2017,52.150001525878906,52.7599983215332,1050435.0,53.459999084472656,53.310001373291016,53.310001373291016
02-03-2017,52.68000030517578,53.220001220703125,849593.0,53.63999938964844,52.849998474121094,52.849998474121094
03-03-2017,51.7599983215332,52.75,867268.0,53.27000045776367,52.4900016784668,52.4900016784668
06-03-2017,51.52000045776367,52.0,908517.0,52.75,52.4900016784668,52.4900016784668
07-03-2017,52.25,52.54999923706055,856118.0,52.97999954223633,52.40999984741211,52.40999984741211
08-03-2017,52.08000183105469,52.7599983215332,1034051.0,53.33000183105469,52.18000030517578,52.18000030517578
09-03-2017,51.380001068115234,52.060001373291016,841713.0,52.16999816894531,51.5,51.5
10-03-2017,51.5,51.83000183105469,732867.0,52.40999984741211,52.029998779296875,52.029998779296875
13-03-2017,51.58000183105469,52.060001373291016,523889.0,52.43000030517578,52.25,52.25
14-03-2017,51.189998626708984,51.91999816894531,527378.0,52.08000183105469,51.599998474121094,51.599998474121094
15-03-2017,51.20000076293945,51.310001373291016,792948.0,52.720001220703125,52.599998474121094,52.599998474121094
16-03-2017,52.61000061035156,52.86000061035156,440412.0,53.060001373291016,52.720001220703125,52.720001220703125
17-03-2017,52.279998779296875,52.84000015258789,1356927.0,53.02109909057617,52.63999938964844,52.63999938964844
20-03-2017,52.334999084472656,52.63999938964844,388850.0,52.91999816894531,52.5,52.5
21-03-2017,50.70000076293945,52.959999084472656,914178.0,53.0,50.86000061035156,50.86000061035156
22-03-2017,50.59000015258789,51.33000183105469,523538.0,51.540000915527344,51.279998779296875,51.279998779296875
23-03-2017,51.02000045776367,51.209999084472656,348673.0,51.83000183105469,51.16999816894531,51.16999816894531
24-03-2017,51.380001068115234,51.380001068115234,551453.0,52.41999816894531,51.59000015258789,51.59000015258789
27-03-2017,50.31999969482422,50.83000183105469,700850.0,51.70000076293945,51.47999954223633,51.47999954223633
28-03-2017,51.029998779296875,51.22999954223633,533248.0,52.060001373291016,51.880001068115234,51.880001068115234
29-03-2017,51.130001068115234,51.66999816894531,617831.0,51.81999969482422,51.459999084472656,51.459999084472656
30-03-2017,51.43000030517578,51.560001373291016,781125.0,52.16999816894531,51.4900016784668,51.4900016784668
31-03-2017,51.060001373291016,51.43000030517578,679542.0,51.825599670410156,51.529998779296875,51.529998779296875
03-04-2017,50.599998474121094,51.65999984741211,624255.0,51.9900016784668,50.91999816894531,50.91999816894531
04-04-2017,50.27000045776367,50.75,658961.0,51.27000045776367,50.709999084472656,50.709999084472656
05-04-2017,48.459999084472656,50.88999938964844,1783205.0,51.20000076293945,48.5099983215332,48.5099983215332
06-04-2017,48.04999923706055,48.40999984741211,1587793.0,49.65999984741211,49.18000030517578,49.18000030517578
07-04-2017,48.650001525878906,48.97999954223633,1099762.0,49.81999969482422,49.56999969482422,49.56999969482422
10-04-2017,48.560001373291016,49.459999084472656,980962.0,49.959999084472656,48.90999984741211,48.90999984741211
11-04-2017,47.31999969482422,48.72999954223633,1282147.0,49.36000061035156,48.58000183105469,48.58000183105469
12-04-2017,47.119998931884766,48.54999923706055,1055837.0,48.724998474121094,47.31999969482422,47.31999969482422
13-04-2017,46.7599983215332,47.08000183105469,857120.0,47.86000061035156,46.810001373291016,46.810001373291016
17-04-2017,46.7599983215332,47.0099983215332,830513.0,47.41999816894531,47.380001068115234,47.380001068115234
18-04-2017,46.91999816894531,47.0,1075826.0,48.13999938964844,48.029998779296875,48.029998779296875
19-04-2017,47.849998474121094,48.369998931884766,1077085.0,48.980201721191406,47.9900016784668,47.9900016784668
20-04-2017,48.029998779296875,48.369998931884766,1124834.0,49.61000061035156,49.529998779296875,49.529998779296875
21-04-2017,48.4900016784668,49.33000183105469,837164.0,49.41999816894531,49.099998474121094,49.099998474121094
24-04-2017,49.720001220703125,50.040000915527344,1111792.0,50.560001373291016,50.27000045776367,50.27000045776367
25-04-2017,50.34000015258789,50.63999938964844,888909.0,51.220001220703125,50.4900016784668,50.4900016784668
26-04-2017,48.93000030517578,50.04999923706055,1429833.0,50.150001525878906,48.9900016784668,48.9900016784668
27-04-2017,48.91999816894531,49.08000183105469,1746185.0,49.709999084472656,49.13999938964844,49.13999938964844
28-04-2017,46.810001373291016,51.849998474121094,2791718.0,52.0,46.939998626708984,46.939998626708984
01-05-2017,46.970001220703125,47.029998779296875,1854747.0,48.79999923706055,48.709999084472656,48.709999084472656
02-05-2017,47.790000915527344,48.66999816894531,1091234.0,48.810001373291016,48.709999084472656,48.709999084472656
03-05-2017,48.02000045776367,48.34000015258789,1097868.0,48.86000061035156,48.79999923706055,48.79999923706055
04-05-2017,48.17319869995117,48.88999938964844,1016418.0,49.290000915527344,49.0,49.0
05-05-2017,48.5099983215332,49.279998779296875,860234.0,49.279998779296875,48.849998474121094,48.849998474121094
08-05-2017,48.27000045776367,48.779998779296875,1044179.0,48.939998626708984,48.650001525878906,48.650001525878906
09-05-2017,48.529998779296875,48.63999938964844,806946.0,49.61000061035156,49.2599983215332,49.2599983215332
10-05-2017,49.40999984741211,49.599998474121094,614239.0,49.970001220703125,49.7400016784668,49.7400016784668
11-05-2017,49.279998779296875,49.5,729542.0,50.11000061035156,49.529998779296875,49.529998779296875
12-05-2017,49.20000076293945,49.40999984741211,569292.0,49.720699310302734,49.439998626708984,49.439998626708984
15-05-2017,49.45000076293945,49.56999969482422,601672.0,50.459999084472656,50.15999984741211,50.15999984741211
16-05-2017,49.775001525878906,50.220001220703125,612152.0,50.66999816894531,50.619998931884766,50.619998931884766
17-05-2017,47.290000915527344,49.52000045776367,1290126.0,50.209999084472656,47.36000061035156,47.36000061035156
18-05-2017,46.74610137939453,47.18000030517578,1367909.0,48.25,47.939998626708984,47.939998626708984
19-05-2017,47.61000061035156,48.2400016784668,734684.0,48.65999984741211,48.15999984741211,48.15999984741211
22-05-2017,47.84400177001953,48.560001373291016,775307.0,49.880001068115234,48.36000061035156,48.36000061035156
23-05-2017,47.65999984741211,48.4900016784668,825371.0,48.650001525878906,48.52000045776367,48.52000045776367
24-05-2017,48.52000045776367,48.7400016784668,955162.0,49.84000015258789,49.7599983215332,49.7599983215332
25-05-2017,49.77000045776367,50.25,627192.0,50.65999984741211,49.86000061035156,49.86000061035156
26-05-2017,49.060001373291016,49.65999984741211,494874.0,49.79460144042969,49.119998931884766,49.119998931884766
30-05-2017,48.630001068115234,49.150001525878906,659540.0,49.689998626708984,48.93000030517578,48.93000030517578
31-05-2017,48.130001068115234,49.209999084472656,891270.0,49.470001220703125,49.11000061035156,49.11000061035156
01-06-2017,48.935001373291016,49.45000076293945,1121354.0,50.790000915527344,50.619998931884766,50.619998931884766
02-06-2017,49.939998626708984,50.79999923706055,1361853.0,51.45000076293945,51.2400016784668,51.2400016784668
05-06-2017,50.09000015258789,51.16999816894531,827320.0,51.630001068115234,50.11000061035156,50.11000061035156
06-06-2017,49.7599983215332,50.0,1081092.0,50.69499969482422,50.40999984741211,50.40999984741211
07-06-2017,50.189998626708984,50.529998779296875,972472.0,51.290000915527344,50.68000030517578,50.68000030517578
08-06-2017,50.25,50.88999938964844,1449601.0,52.90999984741211,52.790000915527344,52.790000915527344
09-06-2017,48.900001525878906,53.0,1726295.0,53.279998779296875,49.9900016784668,49.9900016784668
12-06-2017,48.709999084472656,49.380001068115234,1785616.0,50.79999923706055,48.95000076293945,48.95000076293945
13-06-2017,48.599998474121094,49.41999816894531,747168.0,50.470001220703125,49.130001068115234,49.130001068115234
14-06-2017,47.54999923706055,48.25,1206217.0,48.93000030517578,48.220001220703125,48.220001220703125
15-06-2017,47.25,47.34000015258789,761782.0,48.31999969482422,48.04999923706055,48.04999923706055
16-06-2017,47.41999816894531,47.619998931884766,1541919.0,48.470001220703125,48.029998779296875,48.029998779296875
19-06-2017,47.959999084472656,48.59000015258789,1093012.0,48.91999816894531,48.380001068115234,48.380001068115234
20-06-2017,47.720001220703125,48.439998626708984,1008490.0,48.88999938964844,48.029998779296875,48.029998779296875
21-06-2017,47.790000915527344,48.099998474121094,1087019.0,48.68000030517578,48.54999923706055,48.54999923706055
22-06-2017,47.91999816894531,48.52000045776367,1007600.0,48.8849983215332,48.380001068115234,48.380001068115234
23-06-2017,48.15999984741211,48.41999816894531,12943563.0,49.56999969482422,48.400001525878906,48.400001525878906
26-06-2017,47.61000061035156,48.880001068115234,1262716.0,49.04249954223633,47.91999816894531,47.91999816894531
27-06-2017,47.029998779296875,47.66999816894531,1528919.0,48.400001525878906,47.060001373291016,47.060001373291016
28-06-2017,46.529998779296875,47.43000030517578,1172776.0,47.93000030517578,47.84000015258789,47.84000015258789
29-06-2017,46.084999084472656,47.7599983215332,1438491.0,47.7599983215332,46.79999923706055,46.79999923706055
30-06-2017,46.119998931884766,46.880001068115234,916775.0,47.279998779296875,46.79999923706055,46.79999923706055
03-07-2017,46.66999816894531,47.20000076293945,497397.0,47.599998474121094,46.689998626708984,46.689998626708984
05-07-2017,46.790000915527344,46.91999816894531,1128860.0,47.88999938964844,47.33000183105469,47.33000183105469
06-07-2017,47.25,48.0,1432496.0,48.2599983215332,47.75,47.75
07-07-2017,47.915000915527344,47.970001220703125,900095.0,48.880001068115234,48.54999923706055,48.54999923706055
10-07-2017,48.11000061035156,48.63999938964844,848461.0,49.209999084472656,48.86000061035156,48.86000061035156
11-07-2017,48.619998931884766,48.91999816894531,870045.0,49.63999938964844,49.13999938964844,49.13999938964844
12-07-2017,49.5099983215332,49.63999938964844,1129021.0,50.630001068115234,50.209999084472656,50.209999084472656
13-07-2017,49.560001373291016,50.099998474121094,1101796.0,50.439998626708984,50.2400016784668,50.2400016784668
14-07-2017,50.165000915527344,50.22999954223633,1171081.0,50.68000030517578,50.630001068115234,50.630001068115234
17-07-2017,50.029998779296875,50.68000030517578,1363558.0,51.0,50.97999954223633,50.97999954223633
18-07-2017,50.400001525878906,50.72999954223633,1078080.0,51.16999816894531,51.060001373291016,51.060001373291016
19-07-2017,51.27000045776367,51.310001373291016,1228651.0,51.869998931884766,51.7599983215332,51.7599983215332
20-07-2017,51.689998626708984,51.97999954223633,1316277.0,53.380001068115234,53.209999084472656,53.209999084472656
21-07-2017,52.15299987792969,52.970001220703125,861598.0,53.880001068115234,52.91999816894531,52.91999816894531
24-07-2017,52.0,53.04999923706055,1247738.0,53.79999923706055,52.869998931884766,52.869998931884766
25-07-2017,52.36000061035156,52.970001220703125,1223721.0,53.720001220703125,53.54999923706055,53.54999923706055
26-07-2017,53.23500061035156,53.70000076293945,1346505.0,53.869998931884766,53.650001525878906,53.650001525878906
27-07-2017,52.900001525878906,53.880001068115234,2505699.0,54.31999969482422,53.650001525878906,53.650001525878906
28-07-2017,52.27000045776367,54.59000015258789,1251394.0,54.59000015258789,52.59000015258789,52.59000015258789
31-07-2017,52.04999923706055,52.77000045776367,1270047.0,53.08000183105469,52.08000183105469,52.08000183105469
01-08-2017,52.06999969482422,52.41999816894531,925522.0,53.63999938964844,53.54999923706055,53.54999923706055
02-08-2017,52.0099983215332,53.650001525878906,655869.0,53.650001525878906,52.040000915527344,52.040000915527344
03-08-2017,51.959999084472656,52.08000183105469,968100.0,52.790000915527344,52.130001068115234,52.130001068115234
04-08-2017,51.349998474121094,52.13999938964844,727153.0,52.599998474121094,51.779998779296875,51.779998779296875
07-08-2017,51.25,51.79999923706055,1339275.0,52.130001068115234,51.75,51.75
08-08-2017,51.380001068115234,51.65999984741211,710430.0,52.150001525878906,51.459999084472656,51.459999084472656
09-08-2017,50.5099983215332,50.95000076293945,820992.0,51.4900016784668,51.150001525878906,51.150001525878906
10-08-2017,49.40999984741211,50.709999084472656,979136.0,50.86000061035156,49.43000030517578,49.43000030517578
11-08-2017,48.709999084472656,49.380001068115234,1506214.0,49.72999954223633,49.2599983215332,49.2599983215332
14-08-2017,49.63999938964844,49.63999938964844,1117559.0,50.63999938964844,50.380001068115234,50.380001068115234
15-08-2017,49.959999084472656,50.41999816894531,679577.0,50.52000045776367,50.25,50.25
16-08-2017,50.36000061035156,50.36000061035156,797681.0,51.13999938964844,50.630001068115234,50.630001068115234
17-08-2017,48.849998474121094,50.380001068115234,514033.0,50.72999954223633,48.88999938964844,48.88999938964844
18-08-2017,48.68000030517578,48.869998931884766,701810.0,49.130001068115234,48.779998779296875,48.779998779296875
21-08-2017,47.939998626708984,48.630001068115234,473233.0,48.77000045776367,48.150001525878906,48.150001525878906
22-08-2017,48.36000061035156,48.380001068115234,809437.0,48.959999084472656,48.86000061035156,48.86000061035156
23-08-2017,48.310001373291016,48.439998626708984,547383.0,49.040000915527344,48.869998931884766,48.869998931884766
24-08-2017,48.88140106201172,49.04999923706055,701218.0,49.33000183105469,49.27000045776367,49.27000045776367
25-08-2017,48.55500030517578,49.29999923706055,947959.0,49.779998779296875,48.630001068115234,48.630001068115234
28-08-2017,48.529998779296875,48.65999984741211,687141.0,49.040000915527344,49.0,49.0
29-08-2017,48.36800003051758,48.459999084472656,383198.0,49.119998931884766,48.900001525878906,48.900001525878906
30-08-2017,48.880001068115234,48.880001068115234,502254.0,50.150001525878906,50.0,50.0
31-08-2017,49.75,49.959999084472656,401853.0,50.5,50.380001068115234,50.380001068115234
01-09-2017,,,,,,
05-09-2017,49.060001373291016,50.31999969482422,612828.0,50.38999938964844,49.52000045776367,49.52000045776367
06-09-2017,49.0,49.70000076293945,541708.0,49.86000061035156,49.439998626708984,49.439998626708984
07-09-2017,48.70000076293945,49.650001525878906,607958.0,49.650001525878906,48.900001525878906,48.900001525878906
08-09-2017,48.40999984741211,48.900001525878906,1655174.0,49.119998931884766,48.79999923706055,48.79999923706055
11-09-2017,49.060001373291016,49.25,882876.0,49.63999938964844,49.45000076293945,49.45000076293945
12-09-2017,49.25,49.459999084472656,1044412.0,50.029998779296875,49.810001373291016,49.810001373291016
13-09-2017,49.20000076293945,49.45000076293945,930776.0,49.869998931884766,49.25,49.25
14-09-2017,49.25,49.25,1025748.0,49.900001525878906,49.40999984741211,49.40999984741211
15-09-2017,49.20000076293945,49.20000076293945,1574884.0,49.880001068115234,49.400001525878906,49.400001525878906
18-09-2017,49.40999984741211,49.529998779296875,704232.0,50.56999969482422,50.2400016784668,50.2400016784668
19-09-2017,50.04010009765625,50.459999084472656,547238.0,50.54999923706055,50.16999816894531,50.16999816894531
20-09-2017,49.02000045776367,50.27000045776367,499549.0,50.27000045776367,49.560001373291016,49.560001373291016
21-09-2017,49.04999923706055,49.380001068115234,801280.0,49.59000015258789,49.29999923706055,49.29999923706055
22-09-2017,49.040000915527344,49.040000915527344,304203.0,50.13999938964844,49.900001525878906,49.900001525878906
25-09-2017,49.04999923706055,49.58000183105469,593212.0,49.7400016784668,49.41999816894531,49.41999816894531
26-09-2017,49.189998626708984,49.84000015258789,482237.0,49.95000076293945,49.2599983215332,49.2599983215332
27-09-2017,49.83000183105469,49.83000183105469,899471.0,51.380001068115234,50.810001373291016,50.810001373291016
28-09-2017,50.2400016784668,50.869998931884766,789212.0,51.04999923706055,51.0099983215332,51.0099983215332
29-09-2017,50.97999954223633,51.209999084472656,544769.0,51.630001068115234,51.47999954223633,51.47999954223633
02-10-2017,51.5099983215332,51.68000030517578,761657.0,52.56999969482422,52.470001220703125,52.470001220703125
03-10-2017,52.18000030517578,52.650001525878906,554698.0,52.90999984741211,52.790000915527344,52.790000915527344
04-10-2017,52.560001373291016,52.70000076293945,514485.0,53.099998474121094,52.93000030517578,52.93000030517578
05-10-2017,52.03099822998047,53.040000915527344,313727.0,53.18000030517578,52.599998474121094,52.599998474121094
06-10-2017,52.34000015258789,52.34000015258789,469916.0,52.93000030517578,52.599998474121094,52.599998474121094
09-10-2017,52.150001525878906,52.560001373291016,388463.0,52.77000045776367,52.380001068115234,52.380001068115234
10-10-2017,52.029998779296875,52.72999954223633,390650.0,52.95000076293945,52.27000045776367,52.27000045776367
11-10-2017,52.060001373291016,52.060001373291016,490694.0,52.529998779296875,52.25,52.25
12-10-2017,51.66999816894531,51.88999938964844,629969.0,52.400001525878906,51.7599983215332,51.7599983215332
13-10-2017,51.698001861572266,52.15999984741211,246719.0,52.310001373291016,51.95000076293945,51.95000076293945
16-10-2017,51.25,52.0,555443.0,52.349998474121094,51.439998626708984,51.439998626708984
17-10-2017,51.06999969482422,51.25,312367.0,51.619998931884766,51.279998779296875,51.279998779296875
18-10-2017,51.16999816894531,51.33000183105469,325099.0,52.06999969482422,51.84000015258789,51.84000015258789
19-10-2017,50.560001373291016,51.529998779296875,396467.0,51.529998779296875,51.459999084472656,51.459999084472656
20-10-2017,51.4900016784668,51.720001220703125,549272.0,51.970001220703125,51.61000061035156,51.61000061035156
23-10-2017,51.2599983215332,51.61000061035156,445936.0,52.08000183105469,52.040000915527344,52.040000915527344
24-10-2017,51.95000076293945,52.06999969482422,537208.0,52.75,52.5,52.5
25-10-2017,52.209999084472656,52.5099983215332,627919.0,53.14500045776367,52.65999984741211,52.65999984741211
26-10-2017,52.29999923706055,52.869998931884766,816582.0,52.880001068115234,52.47999954223633,52.47999954223633
27-10-2017,52.08000183105469,52.810001373291016,888758.0,52.81999969482422,52.689998626708984,52.689998626708984
30-10-2017,52.369598388671875,52.43000030517578,865476.0,53.54999923706055,52.63999938964844,52.63999938964844
31-10-2017,52.5099983215332,52.86000061035156,1032868.0,53.65999984741211,53.369998931884766,53.369998931884766
01-11-2017,52.939998626708984,53.84000015258789,936299.0,54.189998626708984,53.15999984741211,53.15999984741211
02-11-2017,52.79999923706055,53.040000915527344,745282.0,53.849998474121094,53.7400016784668,53.7400016784668
03-11-2017,53.2599983215332,53.810001373291016,803959.0,54.0,53.869998931884766,53.869998931884766
06-11-2017,53.869998931884766,54.0099983215332,682376.0,55.18000030517578,55.15999984741211,55.15999984741211
07-11-2017,53.04999923706055,55.08000183105469,1117949.0,55.29999923706055,53.95000076293945,53.95000076293945
08-11-2017,53.64500045776367,53.900001525878906,740684.0,54.459999084472656,54.029998779296875,54.029998779296875
09-11-2017,51.61000061035156,53.97999954223633,1558024.0,53.97999954223633,52.84000015258789,52.84000015258789
10-11-2017,52.27000045776367,54.25,1538893.0,54.25,52.619998931884766,52.619998931884766
13-11-2017,51.880001068115234,52.18000030517578,824173.0,52.720001220703125,52.619998931884766,52.619998931884766
14-11-2017,52.279998779296875,52.279998779296875,540802.0,53.119998931884766,52.90999984741211,52.90999984741211
15-11-2017,52.189998626708984,52.34000015258789,806877.0,52.83000183105469,52.5099983215332,52.5099983215332
16-11-2017,52.61000061035156,52.810001373291016,532986.0,53.33000183105469,53.18000030517578,53.18000030517578
17-11-2017,52.900001525878906,53.099998474121094,441437.0,53.400001525878906,53.02000045776367,53.02000045776367
20-11-2017,53.08000183105469,53.25,585747.0,53.84400177001953,53.84000015258789,53.84000015258789
21-11-2017,54.0099983215332,54.15999984741211,749102.0,55.279998779296875,55.220001220703125,55.220001220703125
22-11-2017,54.599998474121094,55.290000915527344,465243.0,55.650001525878906,54.63999938964844,54.63999938964844
24-11-2017,54.55419921875,54.7599983215332,296383.0,55.310001373291016,55.06999969482422,55.06999969482422
27-11-2017,54.11009979248047,54.900001525878906,851985.0,54.900001525878906,54.540000915527344,54.540000915527344
28-11-2017,54.150001525878906,54.709999084472656,993877.0,54.880001068115234,54.45000076293945,54.45000076293945
29-11-2017,51.14099884033203,54.369998931884766,1433231.0,54.439998626708984,51.66999816894531,51.66999816894531
30-11-2017,51.720001220703125,52.040000915527344,929009.0,53.310001373291016,52.849998474121094,52.849998474121094
01-12-2017,51.34000015258789,52.7400016784668,900424.0,52.849998474121094,52.599998474121094,52.599998474121094
04-12-2017,50.970001220703125,53.22999954223633,1041957.0,53.40999984741211,51.150001525878906,51.150001525878906
05-12-2017,50.349998474121094,51.04999923706055,792647.0,52.13999938964844,51.369998931884766,51.369998931884766
06-12-2017,50.779998779296875,51.02000045776367,766229.0,51.61000061035156,51.099998474121094,51.099998474121094
07-12-2017,51.130001068115234,51.279998779296875,618239.0,52.13999938964844,51.83000183105469,51.83000183105469
08-12-2017,50.84000015258789,52.209999084472656,850058.0,52.33000183105469,51.029998779296875,51.029998779296875
11-12-2017,50.88999938964844,51.130001068115234,746018.0,51.630001068115234,51.16999816894531,51.16999816894531
12-12-2017,50.70000076293945,51.0,501319.0,51.310001373291016,50.79999923706055,50.79999923706055
13-12-2017,50.630001068115234,50.79999923706055,708967.0,51.40999984741211,50.84000015258789,50.84000015258789
14-12-2017,50.849998474121094,51.0,510736.0,51.77000045776367,51.38999938964844,51.38999938964844
15-12-2017,51.5,51.63999938964844,2340673.0,52.47999954223633,51.709999084472656,51.709999084472656
18-12-2017,52.20000076293945,52.20000076293945,787417.0,53.779998779296875,53.459999084472656,53.459999084472656
19-12-2017,52.0,53.38999938964844,980001.0,54.11000061035156,52.16999816894531,52.16999816894531
20-12-2017,52.314998626708984,52.439998626708984,759443.0,53.599998474121094,52.939998626708984,52.939998626708984
21-12-2017,52.349998474121094,53.20000076293945,391626.0,53.220001220703125,52.56999969482422,52.56999969482422
22-12-2017,51.97999954223633,52.72999954223633,263208.0,52.72999954223633,52.189998626708984,52.189998626708984
26-12-2017,51.35499954223633,51.77000045776367,373903.0,52.08000183105469,51.47999954223633,51.47999954223633
27-12-2017,51.29999923706055,51.56999969482422,385432.0,51.959999084472656,51.7400016784668,51.7400016784668
28-12-2017,51.4900016784668,52.0,350129.0,52.220001220703125,52.189998626708984,52.189998626708984
29-12-2017,51.619998931884766,52.2400016784668,358168.0,52.369998931884766,51.650001525878906,51.650001525878906
02-01-2018,51.459999084472656,51.650001525878906,675592.0,53.20000076293945,53.16999816894531,53.16999816894531
03-01-2018,53.34000015258789,53.43000030517578,781340.0,54.08000183105469,53.849998474121094,53.849998474121094
04-01-2018,53.76499938964844,54.209999084472656,1476180.0,54.939998626708984,54.77000045776367,54.77000045776367
05-01-2018,54.52000045776367,54.90999984741211,1337081.0,56.25,55.72999954223633,55.72999954223633
08-01-2018,55.119998931884766,55.66999816894531,846100.0,56.22999954223633,56.04999923706055,56.04999923706055
09-01-2018,55.459999084472656,56.349998474121094,1150575.0,57.029998779296875,56.869998931884766,56.869998931884766
10-01-2018,54.93000030517578,56.20000076293945,872903.0,56.45000076293945,55.38999938964844,55.38999938964844
11-01-2018,55.5,55.650001525878906,847169.0,57.63999938964844,57.58000183105469,57.58000183105469
12-01-2018,57.40999984741211,57.650001525878906,827822.0,58.33000183105469,58.130001068115234,58.130001068115234
16-01-2018,57.27000045776367,58.459999084472656,791596.0,58.599998474121094,57.540000915527344,57.540000915527344
17-01-2018,57.1442985534668,57.75,997966.0,58.81999969482422,58.459999084472656,58.459999084472656
18-01-2018,57.81999969482422,58.529998779296875,967379.0,59.220001220703125,57.970001220703125,57.970001220703125
19-01-2018,57.68000030517578,58.220001220703125,697390.0,58.5,58.18000030517578,58.18000030517578
22-01-2018,57.63999938964844,58.09000015258789,992179.0,59.060001373291016,58.970001220703125,58.970001220703125
23-01-2018,58.599998474121094,58.75,3266362.0,63.064998626708984,62.349998474121094,62.349998474121094
24-01-2018,62.7400016784668,64.63999938964844,4560272.0,65.6500015258789,63.439998626708984,63.439998626708984
25-01-2018,61.310001373291016,64.30000305175781,3733486.0,64.30000305175781,61.72999954223633,61.72999954223633
26-01-2018,61.79999923706055,62.95000076293945,3009678.0,63.02000045776367,62.77000045776367,62.77000045776367
29-01-2018,61.810001373291016,62.529998779296875,1869408.0,62.65999984741211,62.09000015258789,62.09000015258789
30-01-2018,60.54999923706055,61.279998779296875,2598024.0,62.27000045776367,61.900001525878906,61.900001525878906
31-01-2018,61.650001525878906,62.70000076293945,1414976.0,62.83000183105469,61.790000915527344,61.790000915527344
01-02-2018,61.220001220703125,61.220001220703125,715040.0,62.40999984741211,61.810001373291016,61.810001373291016
02-02-2018,60.540000915527344,61.06999969482422,1045370.0,61.79999923706055,60.59000015258789,60.59000015258789
05-02-2018,57.630001068115234,59.900001525878906,1447447.0,60.810001373291016,57.63999938964844,57.63999938964844
06-02-2018,55.34000015258789,56.400001525878906,1385106.0,59.279998779296875,58.63999938964844,58.63999938964844
07-02-2018,57.36000061035156,58.16999816894531,1007737.0,59.61000061035156,57.5099983215332,57.5099983215332
08-02-2018,55.91999816894531,57.68000030517578,1928279.0,58.470001220703125,56.15999984741211,56.15999984741211
09-02-2018,55.29999923706055,56.97999954223633,1646416.0,57.959999084472656,57.630001068115234,57.630001068115234
12-02-2018,57.64500045776367,57.90999984741211,1722454.0,59.470001220703125,59.279998779296875,59.279998779296875
13-02-2018,56.99599838256836,58.630001068115234,924992.0,59.22999954223633,59.16999816894531,59.16999816894531
14-02-2018,58.25429916381836,58.45000076293945,1237276.0,60.150001525878906,60.029998779296875,60.029998779296875
15-02-2018,58.5,60.63999938964844,913702.0,60.810001373291016,60.68000030517578,60.68000030517578
16-02-2018,59.079898834228516,60.43000030517578,839073.0,61.0,60.0099983215332,60.0099983215332
20-02-2018,59.939998626708984,59.939998626708984,1005418.0,62.20000076293945,61.459999084472656,61.459999084472656
21-02-2018,60.90999984741211,61.68000030517578,746095.0,61.95000076293945,60.939998626708984,60.939998626708984
22-02-2018,60.45180130004883,61.34000015258789,701777.0,62.209999084472656,61.04999923706055,61.04999923706055
23-02-2018,61.279998779296875,61.720001220703125,809129.0,62.34000015258789,62.310001373291016,62.310001373291016
26-02-2018,62.02000045776367,62.560001373291016,1297444.0,64.33000183105469,64.23999786376953,64.23999786376953
27-02-2018,63.0,63.97999954223633,3317875.0,65.0199966430664,64.51000213623047,64.51000213623047
28-02-2018,63.83000183105469,64.93000030517578,2021870.0,66.33999633789062,64.9000015258789,64.9000015258789
01-03-2018,63.220001220703125,64.87999725341797,3743119.0,65.44000244140625,64.30000305175781,64.30000305175781
02-03-2018,67.0999984741211,67.47000122070312,52922568.0,67.5,67.30000305175781,67.30000305175781
05-03-2018,67.20999908447266,67.23999786376953,10303997.0,67.50499725341797,67.44000244140625,67.44000244140625
06-03-2018,67.25,67.41000366210938,11929472.0,67.5199966430664,67.41000366210938,67.41000366210938
07-03-2018,67.2699966430664,67.43000030517578,9137944.0,67.48999786376953,67.33000183105469,67.33000183105469
08-03-2018,67.12000274658203,67.3499984741211,10259836.0,67.36499786376953,67.18000030517578,67.18000030517578
09-03-2018,67.11000061035156,67.25,9546322.0,67.2699966430664,67.23999786376953,67.23999786376953
12-03-2018,66.91000366210938,67.25,6997829.0,67.25,66.93000030517578,66.93000030517578
13-03-2018,66.31999969482422,67.0,6761269.0,67.0199966430664,66.44999694824219,66.44999694824219
14-03-2018,66.05000305175781,66.5999984741211,3808841.0,66.70999908447266,66.23999786376953,66.23999786376953
15-03-2018,65.97000122070312,66.20999908447266,2030645.0,66.37000274658203,66.25,66.25
16-03-2018,66.14749908447266,66.22000122070312,1998313.0,66.58000183105469,66.20999908447266,66.20999908447266
19-03-2018,65.52999877929688,66.19999694824219,2733187.0,66.4000015258789,66.36000061035156,66.36000061035156
20-03-2018,66.3499984741211,66.3499984741211,1712883.0,66.91000366210938,66.56999969482422,66.56999969482422
21-03-2018,66.0199966430664,66.5,2626300.0,66.68000030517578,66.02999877929688,66.02999877929688
22-03-2018,65.36000061035156,65.95999908447266,3024276.0,66.26000213623047,65.51000213623047,65.51000213623047
23-03-2018,65.19999694824219,65.6500015258789,1798526.0,65.91999816894531,65.44000244140625,65.44000244140625
26-03-2018,65.5999984741211,66.0,1864751.0,66.01000213623047,65.83999633789062,65.83999633789062
27-03-2018,65.33999633789062,65.9800033569336,2463848.0,66.16000366210938,65.51000213623047,65.51000213623047
28-03-2018,64.30999755859375,65.5999984741211,2436996.0,65.7699966430664,64.30999755859375,64.30999755859375
29-03-2018,64.24500274658203,64.73999786376953,1850732.0,64.9000015258789,64.72000122070312,64.72000122070312
02-04-2018,64.02999877929688,64.70999908447266,1496965.0,64.98999786376953,64.52999877929688,64.52999877929688
03-04-2018,64.62999725341797,64.68000030517578,2023824.0,65.51000213623047,65.5,65.5
04-04-2018,64.5,65.08000183105469,2330263.0,65.75,65.25,65.25
05-04-2018,64.55000305175781,64.8499984741211,1372723.0,64.9800033569336,64.66000366210938,64.66000366210938
06-04-2018,63.529998779296875,64.5199966430664,1689436.0,64.80000305175781,63.68000030517578,63.68000030517578
09-04-2018,63.0,63.95000076293945,1145829.0,64.12000274658203,63.02000045776367,63.02000045776367
10-04-2018,63.459999084472656,63.459999084472656,2411502.0,64.5199966430664,64.33999633789062,64.33999633789062
11-04-2018,64.01000213623047,64.12000274658203,968828.0,64.73999786376953,64.54000091552734,64.54000091552734
12-04-2018,64.1050033569336,64.68000030517578,1427148.0,64.87999725341797,64.26000213623047,64.26000213623047
13-04-2018,63.75,64.44999694824219,1096443.0,64.56999969482422,63.939998626708984,63.939998626708984
16-04-2018,63.5,64.0,1058847.0,64.25,63.77000045776367,63.77000045776367
17-04-2018,63.845001220703125,63.97999954223633,749838.0,64.38999938964844,64.0,64.0
18-04-2018,63.61000061035156,63.90999984741211,1210087.0,64.13999938964844,63.619998931884766,63.619998931884766
19-04-2018,61.86000061035156,63.439998626708984,2091954.0,63.439998626708984,62.08000183105469,62.08000183105469
20-04-2018,63.06999969482422,64.83999633789062,4173113.0,65.13999938964844,63.119998931884766,63.119998931884766
23-04-2018,63.34000015258789,63.72999954223633,2326107.0,64.30000305175781,63.77000045776367,63.77000045776367
24-04-2018,63.76250076293945,63.79999923706055,2927045.0,65.01000213623047,64.30000305175781,64.30000305175781
25-04-2018,64.0199966430664,64.19999694824219,1982816.0,64.80999755859375,64.66000366210938,64.66000366210938
26-04-2018,64.47000122070312,64.63999938964844,1204980.0,64.94999694824219,64.73999786376953,64.73999786376953
27-04-2018,64.30000305175781,64.87999725341797,1341272.0,64.87999725341797,64.58999633789062,64.58999633789062
30-04-2018,64.5,64.75,949256.0,64.88500213623047,64.69000244140625,64.69000244140625
01-05-2018,64.26000213623047,64.58999633789062,1210749.0,65.12999725341797,65.05000305175781,65.05000305175781
02-05-2018,64.7699966430664,65.08999633789062,1087717.0,65.5,64.91999816894531,64.91999816894531
03-05-2018,63.34000015258789,64.69999694824219,4385433.0,66.0999984741211,65.68000030517578,65.68000030517578
04-05-2018,64.97109985351562,65.37999725341797,2103585.0,66.13500213623047,65.5999984741211,65.5999984741211
07-05-2018,67.1500015258789,67.9800033569336,5614256.0,68.05000305175781,67.76000213623047,67.76000213623047
08-05-2018,67.25,67.4000015258789,2391509.0,67.73500061035156,67.43000030517578,67.43000030517578
09-05-2018,67.23999786376953,67.4800033569336,1524616.0,67.62000274658203,67.23999786376953,67.23999786376953
10-05-2018,66.92500305175781,67.4000015258789,1766321.0,67.54000091552734,66.98999786376953,66.98999786376953
11-05-2018,66.72000122070312,66.94999694824219,2040937.0,67.5,66.83999633789062,66.83999633789062
14-05-2018,67.44999694824219,67.5,3413940.0,67.75,67.70999908447266,67.70999908447266
15-05-2018,68.52999877929688,68.58000183105469,19359659.0,68.58000183105469,68.55000305175781,68.55000305175781
16-05-2018,68.5,68.54000091552734,1765525.0,68.58999633789062,68.58999633789062,68.58999633789062
17-05-2018,68.55999755859375,68.55999755859375,1925366.0,68.62999725341797,68.58000183105469,68.58000183105469
18-05-2018,68.55000305175781,68.58999633789062,2270718.0,68.62999725341797,68.5999984741211,68.5999984741211
21-05-2018,68.58000183105469,68.6500015258789,5199610.0,68.66999816894531,68.61000061035156,68.61000061035156
22-05-2018,68.5,68.66000366210938,2838463.0,68.66999816894531,68.5999984741211,68.5999984741211
23-05-2018,68.5,68.5999984741211,3496646.0,68.62000274658203,68.52999877929688,68.52999877929688
24-05-2018,68.7300033569336,68.73999786376953,7125495.0,68.75,68.7300033569336,68.7300033569336
25-05-2018,68.73999786376953,68.75,8432363.0,68.7699966430664,68.73999786376953,68.73999786376953
29-05-2018,68.73999786376953,68.73999786376953,0.0,68.73999786376953,68.73999786376953,68.73999786376953
30-05-2018,,,,,,
31-05-2018,,,,,,
01-06-2018,,,,,,
04-06-2018,,,,,,
05-06-2018,,,,,,
06-06-2018,,,,,,
07-06-2018,,,,,,
08-06-2018,,,,,,
11-06-2018,,,,,,
12-06-2018,,,,,,
13-06-2018,,,,,,
14-06-2018,,,,,,
15-06-2018,,,,,,
18-06-2018,,,,,,
19-06-2018,,,,,,
20-06-2018,,,,,,
21-06-2018,,,,,,
22-06-2018,,,,,,
25-06-2018,,,,,,
26-06-2018,,,,,,
27-06-2018,,,,,,
28-06-2018,,,,,,
29-06-2018,,,,,,
02-07-2018,,,,,,
03-07-2018,,,,,,
05-07-2018,,,,,,
06-07-2018,,,,,,
09-07-2018,,,,,,
10-07-2018,,,,,,
11-07-2018,,,,,,
12-07-2018,,,,,,
13-07-2018,,,,,,
16-07-2018,,,,,,
17-07-2018,,,,,,
18-07-2018,,,,,,
19-07-2018,,,,,,
20-07-2018,,,,,,
23-07-2018,,,,,,
24-07-2018,,,,,,
25-07-2018,,,,,,
26-07-2018,,,,,,
27-07-2018,,,,,,
30-07-2018,,,,,,
31-07-2018,,,,,,
01-08-2018,,,,,,
02-08-2018,,,,,,
03-08-2018,,,,,,
06-08-2018,,,,,,
07-08-2018,,,,,,
08-08-2018,,,,,,
09-08-2018,,,,,,
10-08-2018,,,,,,
13-08-2018,,,,,,
14-08-2018,,,,,,
15-08-2018,,,,,,
16-08-2018,,,,,,
17-08-2018,,,,,,
20-08-2018,,,,,,
21-08-2018,,,,,,
22-08-2018,,,,,,
23-08-2018,,,,,,
24-08-2018,,,,,,
27-08-2018,,,,,,
28-08-2018,,,,,,
29-08-2018,,,,,,
30-08-2018,,,,,,
31-08-2018,,,,,,
04-09-2018,,,,,,
05-09-2018,,,,,,
06-09-2018,,,,,,
07-09-2018,,,,,,
10-09-2018,,,,,,
11-09-2018,,,,,,
12-09-2018,,,,,,
13-09-2018,,,,,,
14-09-2018,,,,,,
17-09-2018,,,,,,
18-09-2018,,,,,,
19-09-2018,,,,,,
20-09-2018,,,,,,
21-09-2018,,,,,,
24-09-2018,,,,,,
25-09-2018,,,,,,
26-09-2018,,,,,,
27-09-2018,,,,,,
28-09-2018,,,,,,
01-10-2018,,,,,,
02-10-2018,,,,,,
03-10-2018,,,,,,
04-10-2018,,,,,,
05-10-2018,,,,,,
08-10-2018,,,,,,
09-10-2018,,,,,,
10-10-2018,,,,,,
11-10-2018,,,,,,
12-10-2018,,,,,,
15-10-2018,,,,,,
16-10-2018,,,,,,
17-10-2018,,,,,,
18-10-2018,,,,,,
19-10-2018,,,,,,
22-10-2018,,,,,,
23-10-2018,,,,,,
24-10-2018,,,,,,
25-10-2018,,,,,,
26-10-2018,,,,,,
29-10-2018,,,,,,
30-10-2018,,,,,,
31-10-2018,,,,,,
01-11-2018,,,,,,
02-11-2018,,,,,,
05-11-2018,,,,,,
06-11-2018,,,,,,
07-11-2018,,,,,,
08-11-2018,,,,,,
09-11-2018,,,,,,
12-11-2018,,,,,,
13-11-2018,,,,,,
14-11-2018,,,,,,
15-11-2018,,,,,,
16-11-2018,,,,,,
19-11-2018,,,,,,
20-11-2018,,,,,,
21-11-2018,,,,,,
23-11-2018,,,,,,
26-11-2018,,,,,,
27-11-2018,,,,,,
28-11-2018,,,,,,
29-11-2018,,,,,,
30-11-2018,,,,,,
03-12-2018,,,,,,
04-12-2018,,,,,,
06-12-2018,,,,,,
07-12-2018,,,,,,
10-12-2018,,,,,,
11-12-2018,,,,,,
12-12-2018,,,,,,
13-12-2018,,,,,,
14-12-2018,,,,,,
17-12-2018,,,,,,
18-12-2018,,,,,,
19-12-2018,,,,,,
20-12-2018,,,,,,
21-12-2018,,,,,,
24-12-2018,,,,,,
26-12-2018,,,,,,
27-12-2018,,,,,,
28-12-2018,,,,,,
31-12-2018,,,,,,
02-01-2019,,,,,,
03-01-2019,,,,,,
04-01-2019,,,,,,
07-01-2019,,,,,,
08-01-2019,,,,,,
09-01-2019,,,,,,
10-01-2019,,,,,,
11-01-2019,,,,,,
14-01-2019,,,,,,
15-01-2019,,,,,,
16-01-2019,,,,,,
17-01-2019,,,,,,
18-01-2019,,,,,,
22-01-2019,,,,,,
23-01-2019,,,,,,
24-01-2019,,,,,,
25-01-2019,,,,,,
28-01-2019,,,,,,
29-01-2019,,,,,,
30-01-2019,,,,,,
31-01-2019,,,,,,
01-02-2019,,,,,,
04-02-2019,,,,,,
05-02-2019,,,,,,
06-02-2019,,,,,,
07-02-2019,,,,,,
08-02-2019,,,,,,
11-02-2019,,,,,,
12-02-2019,,,,,,
13-02-2019,,,,,,
14-02-2019,,,,,,
15-02-2019,,,,,,
19-02-2019,,,,,,
20-02-2019,,,,,,
21-02-2019,,,,,,
22-02-2019,,,,,,
25-02-2019,,,,,,
26-02-2019,,,,,,
27-02-2019,,,,,,
28-02-2019,,,,,,
01-03-2019,,,,,,
04-03-2019,,,,,,
05-03-2019,,,,,,
06-03-2019,,,,,,
07-03-2019,,,,,,
08-03-2019,,,,,,
11-03-2019,,,,,,
12-03-2019,,,,,,
13-03-2019,,,,,,
14-03-2019,,,,,,
15-03-2019,,,,,,
18-03-2019,,,,,,
19-03-2019,,,,,,
20-03-2019,,,,,,
21-03-2019,,,,,,
22-03-2019,,,,,,
25-03-2019,,,,,,
26-03-2019,,,,,,
27-03-2019,,,,,,
28-03-2019,,,,,,
29-03-2019,,,,,,
01-04-2019,,,,,,
02-04-2019,,,,,,
03-04-2019,,,,,,
04-04-2019,,,,,,
05-04-2019,,,,,,
08-04-2019,,,,,,
09-04-2019,,,,,,
10-04-2019,,,,,,
11-04-2019,,,,,,
12-04-2019,,,,,,
15-04-2019,,,,,,
16-04-2019,,,,,,
17-04-2019,,,,,,
18-04-2019,,,,,,
22-04-2019,,,,,,
23-04-2019,,,,,,
24-04-2019,,,,,,
25-04-2019,,,,,,
26-04-2019,,,,,,
29-04-2019,,,,,,
30-04-2019,,,,,,
01-05-2019,,,,,,
02-05-2019,,,,,,
03-05-2019,,,,,,
06-05-2019,,,,,,
07-05-2019,,,,,,
08-05-2019,,,,,,
09-05-2019,,,,,,
10-05-2019,,,,,,
13-05-2019,,,,,,
14-05-2019,,,,,,
15-05-2019,,,,,,
16-05-2019,,,,,,
17-05-2019,,,,,,
20-05-2019,,,,,,
21-05-2019,,,,,,
22-05-2019,,,,,,
23-05-2019,,,,,,
24-05-2019,,,,,,
28-05-2019,,,,,,
29-05-2019,,,,,,
30-05-2019,,,,,,
31-05-2019,,,,,,
03-06-2019,,,,,,
04-06-2019,,,,,,
05-06-2019,,,,,,
06-06-2019,,,,,,
07-06-2019,,,,,,
10-06-2019,,,,,,
11-06-2019,,,,,,
12-06-2019,,,,,,
13-06-2019,,,,,,
14-06-2019,,,,,,
17-06-2019,,,,,,
18-06-2019,,,,,,
19-06-2019,,,,,,
20-06-2019,,,,,,
21-06-2019,,,,,,
24-06-2019,,,,,,
25-06-2019,,,,,,
26-06-2019,,,,,,
27-06-2019,,,,,,
28-06-2019,,,,,,
01-07-2019,,,,,,
02-07-2019,,,,,,
03-07-2019,,,,,,
05-07-2019,,,,,,
08-07-2019,,,,,,
09-07-2019,,,,,,
10-07-2019,,,,,,
11-07-2019,,,,,,
12-07-2019,,,,,,
15-07-2019,,,,,,
16-07-2019,,,,,,
17-07-2019,,,,,,
18-07-2019,,,,,,
19-07-2019,,,,,,
22-07-2019,,,,,,
23-07-2019,,,,,,
24-07-2019,,,,,,
25-07-2019,,,,,,
26-07-2019,,,,,,
29-07-2019,,,,,,
30-07-2019,,,,,,
31-07-2019,,,,,,
01-08-2019,,,,,,
02-08-2019,,,,,,
05-08-2019,,,,,,
06-08-2019,,,,,,
07-08-2019,,,,,,
08-08-2019,,,,,,
09-08-2019,,,,,,
12-08-2019,,,,,,
13-08-2019,,,,,,
14-08-2019,,,,,,
15-08-2019,,,,,,
16-08-2019,,,,,,
19-08-2019,,,,,,
20-08-2019,,,,,,
21-08-2019,,,,,,
22-08-2019,,,,,,
23-08-2019,,,,,,
26-08-2019,,,,,,
27-08-2019,,,,,,
28-08-2019,,,,,,
29-08-2019,,,,,,
30-08-2019,,,,,,
03-09-2019,,,,,,
04-09-2019,,,,,,
05-09-2019,,,,,,
06-09-2019,,,,,,
09-09-2019,,,,,,
10-09-2019,,,,,,
11-09-2019,,,,,,
12-09-2019,,,,,,
13-09-2019,,,,,,
16-09-2019,,,,,,
17-09-2019,,,,,,
18-09-2019,,,,,,
19-09-2019,,,,,,
20-09-2019,,,,,,
23-09-2019,,,,,,
24-09-2019,,,,,,
25-09-2019,,,,,,
26-09-2019,,,,,,
27-09-2019,,,,,,
30-09-2019,,,,,,
01-10-2019,,,,,,
02-10-2019,,,,,,
03-10-2019,,,,,,
04-10-2019,,,,,,
07-10-2019,,,,,,
08-10-2019,,,,,,
09-10-2019,,,,,,
10-10-2019,,,,,,
11-10-2019,,,,,,
14-10-2019,,,,,,
15-10-2019,,,,,,
16-10-2019,,,,,,
17-10-2019,,,,,,
18-10-2019,,,,,,
21-10-2019,,,,,,
22-10-2019,,,,,,
23-10-2019,,,,,,
24-10-2019,,,,,,
25-10-2019,,,,,,
28-10-2019,,,,,,
29-10-2019,,,,,,
30-10-2019,,,,,,
31-10-2019,,,,,,
01-11-2019,,,,,,
04-11-2019,,,,,,
05-11-2019,,,,,,
06-11-2019,,,,,,
07-11-2019,,,,,,
08-11-2019,,,,,,
11-11-2019,,,,,,
12-11-2019,,,,,,
13-11-2019,,,,,,
14-11-2019,,,,,,
15-11-2019,,,,,,
18-11-2019,,,,,,
19-11-2019,,,,,,
20-11-2019,,,,,,
21-11-2019,,,,,,
22-11-2019,,,,,,
25-11-2019,,,,,,
26-11-2019,,,,,,
27-11-2019,,,,,,
29-11-2019,,,,,,
02-12-2019,,,,,,
03-12-2019,,,,,,
04-12-2019,,,,,,
05-12-2019,,,,,,
06-12-2019,,,,,,
09-12-2019,,,,,,
10-12-2019,,,,,,
11-12-2019,,,,,,
12-12-2019,,,,,,
13-12-2019,,,,,,
16-12-2019,,,,,,
17-12-2019,,,,,,
18-12-2019,,,,,,
19-12-2019,,,,,,
20-12-2019,,,,,,
23-12-2019,,,,,,
24-12-2019,,,,,,
26-12-2019,,,,,,
27-12-2019,,,,,,
30-12-2019,,,,,,
31-12-2019,,,,,,
02-01-2020,,,,,,
03-01-2020,,,,,,
06-01-2020,,,,,,
07-01-2020,,,,,,
08-01-2020,,,,,,
09-01-2020,,,,,,
10-01-2020,,,,,,
13-01-2020,,,,,,
14-01-2020,,,,,,
15-01-2020,,,,,,
16-01-2020,,,,,,
17-01-2020,,,,,,
21-01-2020,,,,,,
22-01-2020,,,,,,
23-01-2020,,,,,,
24-01-2020,,,,,,
27-01-2020,,,,,,
28-01-2020,,,,,,
29-01-2020,,,,,,
30-01-2020,,,,,,
31-01-2020,,,,,,
03-02-2020,,,,,,
04-02-2020,,,,,,
05-02-2020,,,,,,
06-02-2020,,,,,,
07-02-2020,,,,,,
10-02-2020,,,,,,
11-02-2020,,,,,,
12-02-2020,,,,,,
13-02-2020,,,,,,
14-02-2020,,,,,,
18-02-2020,,,,,,
19-02-2020,,,,,,
20-02-2020,,,,,,
21-02-2020,,,,,,
24-02-2020,,,,,,
25-02-2020,,,,,,
26-02-2020,,,,,,
27-02-2020,,,,,,
28-02-2020,,,,,,
02-03-2020,,,,,,
03-03-2020,,,,,,
04-03-2020,,,,,,
05-03-2020,,,,,,
06-03-2020,,,,,,
09-03-2020,,,,,,
10-03-2020,,,,,,
11-03-2020,,,,,,
12-03-2020,,,,,,
13-03-2020,,,,,,
16-03-2020,,,,,,
17-03-2020,,,,,,
18-03-2020,,,,,,
19-03-2020,,,,,,
20-03-2020,,,,,,
23-03-2020,,,,,,
24-03-2020,,,,,,
25-03-2020,,,,,,
26-03-2020,,,,,,
27-03-2020,,,,,,
30-03-2020,,,,,,
31-03-2020,,,,,,
01-04-2020,,,,,,
02-04-2020,,,,,,
03-04-2020,,,,,,
06-04-2020,,,,,,
07-04-2020,,,,,,
08-04-2020,,,,,,
09-04-2020,,,,,,
13-04-2020,,,,,,
14-04-2020,,,,,,
15-04-2020,,,,,,
16-04-2020,,,,,,
17-04-2020,,,,,,
20-04-2020,,,,,,
21-04-2020,,,,,,
22-04-2020,,,,,,
23-04-2020,,,,,,
24-04-2020,,,,,,
27-04-2020,,,,,,
28-04-2020,,,,,,
29-04-2020,,,,,,
30-04-2020,,,,,,
01-05-2020,,,,,,
04-05-2020,,,,,,
05-05-2020,,,,,,
06-05-2020,,,,,,
07-05-2020,,,,,,
08-05-2020,,,,,,
11-05-2020,,,,,,
12-05-2020,,,,,,
13-05-2020,,,,,,
14-05-2020,,,,,,
15-05-2020,,,,,,
18-05-2020,,,,,,
19-05-2020,,,,,,
20-05-2020,,,,,,
21-05-2020,,,,,,
22-05-2020,,,,,,
26-05-2020,,,,,,
27-05-2020,,,,,,
28-05-2020,,,,,,
29-05-2020,,,,,,
01-06-2020,,,,,,
02-06-2020,,,,,,
03-06-2020,,,,,,
04-06-2020,,,,,,
05-06-2020,,,,,,
08-06-2020,,,,,,
09-06-2020,,,,,,
10-06-2020,,,,,,
11-06-2020,,,,,,
12-06-2020,,,,,,
15-06-2020,,,,,,
16-06-2020,,,,,,
17-06-2020,,,,,,
18-06-2020,,,,,,
19-06-2020,,,,,,
22-06-2020,,,,,,
23-06-2020,,,,,,
24-06-2020,,,,,,
25-06-2020,,,,,,
26-06-2020,,,,,,
29-06-2020,,,,,,
30-06-2020,,,,,,
01-07-2020,,,,,,
02-07-2020,,,,,,
06-07-2020,,,,,,
07-07-2020,,,,,,
08-07-2020,,,,,,
09-07-2020,,,,,,
10-07-2020,,,,,,
13-07-2020,,,,,,
14-07-2020,,,,,,
15-07-2020,,,,,,
16-07-2020,,,,,,
17-07-2020,,,,,,
20-07-2020,,,,,,
21-07-2020,,,,,,
22-07-2020,,,,,,
23-07-2020,,,,,,
24-07-2020,,,,,,
27-07-2020,,,,,,
28-07-2020,,,,,,
29-07-2020,,,,,,
30-07-2020,,,,,,
31-07-2020,,,,,,
03-08-2020,,,,,,
04-08-2020,,,,,,
05-08-2020,,,,,,
06-08-2020,,,,,,
07-08-2020,,,,,,
10-08-2020,,,,,,
11-08-2020,,,,,,
12-08-2020,,,,,,
13-08-2020,,,,,,
14-08-2020,,,,,,
17-08-2020,,,,,,
18-08-2020,,,,,,
19-08-2020,,,,,,
20-08-2020,,,,,,
21-08-2020,,,,,,
24-08-2020,,,,,,
25-08-2020,,,,,,
26-08-2020,,,,,,
27-08-2020,,,,,,
28-08-2020,,,,,,
31-08-2020,,,,,,
01-09-2020,,,,,,
02-09-2020,,,,,,
03-09-2020,,,,,,
04-09-2020,,,,,,
08-09-2020,,,,,,
09-09-2020,,,,,,
10-09-2020,,,,,,
11-09-2020,,,,,,
14-09-2020,,,,,,
15-09-2020,,,,,,
16-09-2020,,,,,,
17-09-2020,,,,,,
18-09-2020,,,,,,
21-09-2020,,,,,,
22-09-2020,,,,,,
23-09-2020,,,,,,
24-09-2020,,,,,,
25-09-2020,,,,,,
28-09-2020,,,,,,
29-09-2020,,,,,,
30-09-2020,,,,,,
01-10-2020,,,,,,
02-10-2020,,,,,,
05-10-2020,,,,,,
06-10-2020,,,,,,
07-10-2020,,,,,,
08-10-2020,,,,,,
09-10-2020,,,,,,
12-10-2020,,,,,,
13-10-2020,,,,,,
14-10-2020,,,,,,
15-10-2020,,,,,,
16-10-2020,,,,,,
19-10-2020,,,,,,
20-10-2020,,,,,,
21-10-2020,,,,,,
22-10-2020,,,,,,
23-10-2020,,,,,,
26-10-2020,,,,,,
27-10-2020,,,,,,
28-10-2020,,,,,,
29-10-2020,,,,,,
30-10-2020,,,,,,
02-11-2020,,,,,,
03-11-2020,,,,,,
04-11-2020,,,,,,
05-11-2020,,,,,,
06-11-2020,,,,,,
09-11-2020,,,,,,
10-11-2020,,,,,,
11-11-2020,,,,,,
12-11-2020,,,,,,
13-11-2020,,,,,,
16-11-2020,,,,,,
17-11-2020,,,,,,
18-11-2020,,,,,,
19-11-2020,,,,,,
20-11-2020,,,,,,
23-11-2020,,,,,,
24-11-2020,,,,,,
25-11-2020,,,,,,
27-11-2020,,,,,,
30-11-2020,,,,,,
01-12-2020,,,,,,
02-12-2020,,,,,,
03-12-2020,,,,,,
04-12-2020,,,,,,
07-12-2020,,,,,,
08-12-2020,,,,,,
09-12-2020,,,,,,
10-12-2020,,,,,,
11-12-2020,,,,,,
14-12-2020,,,,,,
15-12-2020,,,,,,
16-12-2020,,,,,,
17-12-2020,,,,,,
18-12-2020,,,,,,
21-12-2020,,,,,,
22-12-2020,,,,,,
23-12-2020,,,,,,
24-12-2020,,,,,,
28-12-2020,,,,,,
29-12-2020,,,,,,
30-12-2020,,,,,,
31-12-2020,,,,,,
04-01-2021,,,,,,
05-01-2021,,,,,,
06-01-2021,,,,,,
07-01-2021,,,,,,
08-01-2021,,,,,,
11-01-2021,,,,,,
12-01-2021,,,,,,
13-01-2021,,,,,,
14-01-2021,,,,,,
15-01-2021,,,,,,
19-01-2021,,,,,,
20-01-2021,,,,,,
21-01-2021,,,,,,
22-01-2021,,,,,,
25-01-2021,,,,,,
26-01-2021,,,,,,
27-01-2021,,,,,,
28-01-2021,,,,,,
29-01-2021,,,,,,
01-02-2021,,,,,,
02-02-2021,,,,,,
03-02-2021,,,,,,
04-02-2021,,,,,,
05-02-2021,,,,,,
08-02-2021,,,,,,
09-02-2021,,,,,,
10-02-2021,,,,,,
11-02-2021,,,,,,
12-02-2021,,,,,,
16-02-2021,,,,,,
17-02-2021,,,,,,
18-02-2021,,,,,,
19-02-2021,,,,,,
22-02-2021,,,,,,
23-02-2021,,,,,,
24-02-2021,,,,,,
25-02-2021,,,,,,
26-02-2021,,,,,,
01-03-2021,,,,,,
02-03-2021,,,,,,
03-03-2021,,,,,,
04-03-2021,,,,,,
05-03-2021,,,,,,
08-03-2021,,,,,,
09-03-2021,,,,,,
10-03-2021,,,,,,
11-03-2021,,,,,,
12-03-2021,,,,,,
15-03-2021,,,,,,
16-03-2021,,,,,,
17-03-2021,,,,,,
18-03-2021,,,,,,
19-03-2021,,,,,,
22-03-2021,,,,,,
23-03-2021,,,,,,
24-03-2021,,,,,,
25-03-2021,,,,,,
26-03-2021,,,,,,
29-03-2021,,,,,,
30-03-2021,,,,,,
31-03-2021,,,,,,
01-04-2021,,,,,,
05-04-2021,,,,,,
06-04-2021,,,,,,
07-04-2021,,,,,,
08-04-2021,,,,,,
09-04-2021,,,,,,
12-04-2021,,,,,,
13-04-2021,,,,,,
14-04-2021,,,,,,
15-04-2021,,,,,,
16-04-2021,,,,,,
19-04-2021,,,,,,
20-04-2021,,,,,,
21-04-2021,,,,,,
22-04-2021,,,,,,
23-04-2021,,,,,,
26-04-2021,,,,,,
27-04-2021,,,,,,
28-04-2021,,,,,,
29-04-2021,,,,,,
30-04-2021,,,,,,
03-05-2021,,,,,,
04-05-2021,,,,,,
05-05-2021,,,,,,
06-05-2021,,,,,,
07-05-2021,,,,,,
10-05-2021,,,,,,
11-05-2021,,,,,,
12-05-2021,,,,,,
13-05-2021,,,,,,
14-05-2021,,,,,,
17-05-2021,,,,,,
18-05-2021,,,,,,
19-05-2021,,,,,,
20-05-2021,,,,,,
21-05-2021,,,,,,
24-05-2021,,,,,,
25-05-2021,,,,,,
26-05-2021,,,,,,
27-05-2021,,,,,,
28-05-2021,,,,,,
01-06-2021,,,,,,
02-06-2021,,,,,,
03-06-2021,,,,,,
04-06-2021,,,,,,
07-06-2021,,,,,,
08-06-2021,,,,,,
09-06-2021,,,,,,
10-06-2021,,,,,,
11-06-2021,,,,,,
14-06-2021,,,,,,
15-06-2021,,,,,,
16-06-2021,,,,,,
17-06-2021,,,,,,
18-06-2021,,,,,,
21-06-2021,,,,,,
22-06-2021,,,,,,
23-06-2021,,,,,,
24-06-2021,,,,,,
25-06-2021,,,,,,
28-06-2021,,,,,,
29-06-2021,,,,,,
30-06-2021,,,,,,
01-07-2021,,,,,,
02-07-2021,,,,,,
06-07-2021,,,,,,
07-07-2021,,,,,,
08-07-2021,,,,,,
09-07-2021,,,,,,
12-07-2021,,,,,,
13-07-2021,,,,,,
14-07-2021,,,,,,
15-07-2021,,,,,,
16-07-2021,,,,,,
19-07-2021,,,,,,
20-07-2021,,,,,,
21-07-2021,,,,,,
22-07-2021,,,,,,
23-07-2021,,,,,,
26-07-2021,,,,,,
27-07-2021,,,,,,
28-07-2021,,,,,,
29-07-2021,,,,,,
30-07-2021,,,,,,
02-08-2021,,,,,,
03-08-2021,,,,,,
04-08-2021,,,,,,
05-08-2021,,,,,,
06-08-2021,,,,,,
09-08-2021,,,,,,
10-08-2021,,,,,,
11-08-2021,,,,,,
12-08-2021,,,,,,
13-08-2021,,,,,,
16-08-2021,,,,,,
17-08-2021,,,,,,
18-08-2021,,,,,,
19-08-2021,,,,,,
20-08-2021,,,,,,
23-08-2021,,,,,,
24-08-2021,,,,,,
25-08-2021,,,,,,
26-08-2021,,,,,,
27-08-2021,,,,,,
30-08-2021,,,,,,
